:1000000000000000000000000000000000000000F0
:1000100000000000000000000000000000000000E0
:1000200000000000000000000000000000000000D0
:1000300000000000000000000000000000000000C0
:1000400000000000000000000000000000000000B0
:1000500000000000000000000000000000000000A0
:100060000000000000000000000000000000000090
:100070000000000000000000000000000000000080
:100080000000000000000000000000000000000070
:100090000000000000000000000000000000000060
:1000A0000000000000000000000000000000000050
:1000B0000000000000000000000000000000000040
:1000C0000000000000000000000000000000000030
:1000D0000000000000000000000000000000000020
:1000E0000000000000000000000000000000000010
:1000F0000000000000000000000000000000000000
:1001000000000000000000000000000000000000EF
:1001100000000000000000000000000000000000DF
:1001200000000000000000000000000000000000CF
:1001300000000000000000000000000000000000BF
:1001400000000000000000000000000000000000AF
:10015000000000000000000000000000000000009F
:10016000000000000000000000000000000000008F
:10017000000000000000000000000000000000007F
:10018000000000000000000000000000000000006F
:10019000000000000000000000000000000000005F
:1001A000000000000000000000000000000000004F
:1001B000000000000000000000000000000000003F
:1001C000000000000000000000000000000000002F
:1001D000000000000000000000000000000000001F
:1001E000000000000000000000000000000000000F
:1001F00000000000000000000000000000000000FF
:1002000000000000000000000000000000000000EE
:1002100000000000000000000000000000000000DE
:1002200000000000000000000000000000000000CE
:1002300000000000000000000000000000000000BE
:1002400000000000000000000000000000000000AE
:10025000000000000000000000000000000000009E
:10026000000000000000000000000000000000008E
:10027000000000000000000000000000000000007E
:10028000000000000000000000000000000000006E
:10029000000000000000000000000000000000005E
:1002A000000000000000000000000000000000004E
:1002B000000000000000000000000000000000003E
:1002C000000000000000000000000000000000002E
:1002D000000000000000000000000000000000001E
:1002E000000000000000000000000000000000000E
:1002F00000000000000000000000000000000000FE
:1003000000000000000000000000000000000000ED
:1003100000000000000000000000000000000000DD
:1003200000000000000000000000000000000000CD
:1003300000000000000000000000000000000000BD
:1003400000000000000000000000000000000000AD
:10035000000000000000000000000000000000009D
:10036000000000000000000000000000000000008D
:10037000000000000000000000000000000000007D
:10038000000000000000000000000000000000006D
:10039000000000000000000000000000000000005D
:1003A000000000000000000000000000000000004D
:1003B000000000000000000000000000000000003D
:1003C000000000000000000000000000000000002D
:1003D000000000000000000000000000000000001D
:1003E000000000000000000000000000000000000D
:1003F00000000000000000000000000000000000FD
:1004000000000000000000000000000000000000EC
:1004100000000000000000000000000000000000DC
:1004200000000000000000000000000000000000CC
:1004300000000000000000000000000000000000BC
:1004400000000000000000000000000000000000AC
:10045000000000000000000000000000000000009C
:10046000000000000000000000000000000000008C
:10047000000000000000000000000000000000007C
:10048000000000000000000000000000000000006C
:10049000000000000000000000000000000000005C
:1004A000000000000000000000000000000000004C
:1004B000000000000000000000000000000000003C
:1004C000000000000000000000000000000000002C
:1004D000000000000000000000000000000000001C
:1004E000000000000000000000000000000000000C
:1004F00000000000000000000000000000000000FC
:1005000000000000000000000000000000000000EB
:1005100000000000000000000000000000000000DB
:1005200000000000000000000000000000000000CB
:1005300000000000000000000000000000000000BB
:1005400000000000000000000000000000000000AB
:10055000000000000000000000000000000000009B
:10056000000000000000000000000000000000008B
:10057000000000000000000000000000000000007B
:10058000000000000000000000000000000000006B
:10059000000000000000000000000000000000005B
:1005A000000000000000000000000000000000004B
:1005B000000000000000000000000000000000003B
:1005C000000000000000000000000000000000002B
:1005D000000000000000000000000000000000001B
:1005E000000000000000000000000000000000000B
:1005F00000000000000000000000000000000000FB
:1006000000000000000000000000000000000000EA
:1006100000000000000000000000000000000000DA
:1006200000000000000000000000000000000000CA
:1006300000000000000000000000000000000000BA
:1006400000000000000000000000000000000000AA
:10065000000000000000000000000000000000009A
:10066000000000000000000000000000000000008A
:10067000000000000000000000000000000000007A
:10068000000000000000000000000000000000006A
:10069000000000000000000000000000000000005A
:1006A000000000000000000000000000000000004A
:1006B000000000000000000000000000000000003A
:1006C000000000000000000000000000000000002A
:1006D000000000000000000000000000000000001A
:1006E000000000000000000000000000000000000A
:1006F00000000000000000000000000000000000FA
:1007000000000000000000000000000000000000E9
:1007100000000000000000000000000000000000D9
:1007200000000000000000000000000000000000C9
:1007300000000000000000000000000000000000B9
:1007400000000000000000000000000000000000A9
:100750000000000000000000000000000000000099
:100760000000000000000000000000000000000089
:100770000000000000000000000000000000000079
:100780000000000000000000000000000000000069
:100790000000000000000000000000000000000059
:1007A0000000000000000000000000000000000049
:1007B0000000000000000000000000000000000039
:1007C0000000000000000000000000000000000029
:1007D0000000000000000000000000000000000019
:1007E0000000000000000000000000000000000009
:1007F00000000000000000000000000000000000F9
:1008000000000000000000000000000000000000E8
:1008100000000000000000000000000000000000D8
:1008200000000000000000000000000000000000C8
:1008300000000000000000000000000000000000B8
:1008400000000000000000000000000000000000A8
:100850000000000000000000000000000000000098
:100860000000000000000000000000000000000088
:100870000000000000000000000000000000000078
:100880000000000000000000000000000000000068
:100890000000000000000000000000000000000058
:1008A0000000000000000000000000000000000048
:1008B0000000000000000000000000000000000038
:1008C0000000000000000000000000000000000028
:1008D0000000000000000000000000000000000018
:1008E0000000000000000000000000000000000008
:1008F00000000000000000000000000000000000F8
:1009000000000000000000000000000000000000E7
:1009100000000000000000000000000000000000D7
:1009200000000000000000000000000000000000C7
:1009300000000000000000000000000000000000B7
:1009400000000000000000000000000000000000A7
:100950000000000000000000000000000000000097
:100960000000000000000000000000000000000087
:100970000000000000000000000000000000000077
:100980000000000000000000000000000000000067
:100990000000000000000000000000000000000057
:1009A0000000000000000000000000000000000047
:1009B0000000000000000000000000000000000037
:1009C0000000000000000000000000000000000027
:1009D0000000000000000000000000000000000017
:1009E0000000000000000000000000000000000007
:1009F00000000000000000000000000000000000F7
:100A000000000000000000000000000000000000E6
:100A100000000000000000000000000000000000D6
:100A200000000000000000000000000000000000C6
:100A300000000000000000000000000000000000B6
:100A400000000000000000000000000000000000A6
:100A50000000000000000000000000000000000096
:100A60000000000000000000000000000000000086
:100A70000000000000000000000000000000000076
:100A80000000000000000000000000000000000066
:100A90000000000000000000000000000000000056
:100AA0000000000000000000000000000000000046
:100AB0000000000000000000000000000000000036
:100AC0000000000000000000000000000000000026
:100AD0000000000000000000000000000000000016
:100AE0000000000000000000000000000000000006
:100AF00000000000000000000000000000000000F6
:100B000000000000000000000000000000000000E5
:100B100000000000000000000000000000000000D5
:100B200000000000000000000000000000000000C5
:100B300000000000000000000000000000000000B5
:100B400000000000000000000000000000000000A5
:100B50000000000000000000000000000000000095
:100B60000000000000000000000000000000000085
:100B70000000000000000000000000000000000075
:100B80000000000000000000000000000000000065
:100B90000000000000000000000000000000000055
:100BA0000000000000000000000000000000000045
:100BB0000000000000000000000000000000000035
:100BC0000000000000000000000000000000000025
:100BD0000000000000000000000000000000000015
:100BE0000000000000000000000000000000000005
:100BF00000000000000000000000000000000000F5
:100C000000000000000000000000000000000000E4
:100C100000000000000000000000000000000000D4
:100C200000000000000000000000000000000000C4
:100C300000000000000000000000000000000000B4
:100C400000000000000000000000000000000000A4
:100C50000000000000000000000000000000000094
:100C60000000000000000000000000000000000084
:100C70000000000000000000000000000000000074
:100C80000000000000000000000000000000000064
:100C90000000000000000000000000000000000054
:100CA0000000000000000000000000000000000044
:100CB0000000000000000000000000000000000034
:100CC0000000000000000000000000000000000024
:100CD0000000000000000000000000000000000014
:100CE0000000000000000000000000000000000004
:100CF00000000000000000000000000000000000F4
:100D000000000000000000000000000000000000E3
:100D100000000000000000000000000000000000D3
:100D200000000000000000000000000000000000C3
:100D300000000000000000000000000000000000B3
:100D400000000000000000000000000000000000A3
:100D50000000000000000000000000000000000093
:100D60000000000000000000000000000000000083
:100D70000000000000000000000000000000000073
:100D80000000000000000000000000000000000063
:100D90000000000000000000000000000000000053
:100DA0000000000000000000000000000000000043
:100DB0000000000000000000000000000000000033
:100DC0000000000000000000000000000000000023
:100DD0000000000000000000000000000000000013
:100DE0000000000000000000000000000000000003
:100DF00000000000000000000000000000000000F3
:100E000000000000000000000000000000000000E2
:100E100000000000000000000000000000000000D2
:100E200000000000000000000000000000000000C2
:100E300000000000000000000000000000000000B2
:100E400000000000000000000000000000000000A2
:100E50000000000000000000000000000000000092
:100E60000000000000000000000000000000000082
:100E70000000000000000000000000000000000072
:100E80000000000000000000000000000000000062
:100E90000000000000000000000000000000000052
:100EA0000000000000000000000000000000000042
:100EB0000000000000000000000000000000000032
:100EC0000000000000000000000000000000000022
:100ED0000000000000000000000000000000000012
:100EE0000000000000000000000000000000000002
:100EF00000000000000000000000000000000000F2
:100F000000000000000000000000000000000000E1
:100F100000000000000000000000000000000000D1
:100F200000000000000000000000000000000000C1
:100F300000000000000000000000000000000000B1
:100F400000000000000000000000000000000000A1
:100F500000000000000000000000000EEEEEE000C7
:100F6000000EEEE0000EE0000EE0000EEEE00000ED
:100F70000000000EEEE000000EEEE000000000EECB
:100F80000000EE00EEEEEEEE00EEEEEE00000000F1
:100F900000000EE000000000000000000000000063
:100FA00000000000000000000000000EEEEEEE0069
:100FB00000EEEEEE000EEE000EE000EEEEEE0000B3
:100FC000000000EEEEEE0000EEEEEE00000000EE9F
:100FD000E000EEE0EEEEEEEE0EEEEEEEE0000000F3
:100FE00000000EE000000000000000000000000013
:100FF00000000000000000000000000EEEEEEEE039
:101000000EEEEEEEE00EEE000EE00EEEEEEEE00086
:1010100000000EEEEEEEE00EEEEEEEE0000000EE72
:10102000E000EEE0EEEEEEEE0EEEEEEEE0000000A2
:1010300000000EE0000000000000000000000000C2
:1010400000000000000000000000000EEE00EEE0D6
:101050000EEE00EEE00EEEE00EE00EEE00EEE00032
:1010600000000EEE00EEE00EEE00EEE0000000EEFE
:10107000E000EEE0EEE000000EEE00EEEE0000001C
:1010800000000EE000000000000000000000000072
:1010900000000000000000000000000EE0000EE074
:1010A0000EE000EEE00EEEE00EE00EE0000EE000DE
:1010B00000000EE0000EE00EEE000EE0000000EE7C
:1010C000E000EEE0EEE000000EEE000EEE000000AC
:1010D00000000EE000000000000000000000000022
:1010E00000000000000000000000000EE0000EE024
:1010F0000EE0000EE00EEEE00EE00EE0000000005C
:1011000000000EE00000000EE0000000000000EE15
:10111000E000EEE0EEE000000EEE000EEE000EEE5F
:10112000E0000EE0000000000000000000000000F1
:1011300000000000000000000000000EE0000EE0D3
:101140000EE0000EE00EEEEEEEE00EE0000000001D
:1011500000000EE00000000EE0000000000000EEC5
:10116000E000EEE0EEE000000EEE000EEE0EEEEE21
:10117000EEE00EE0000000000000000000000000B3
:1011800000000000000000000000000EEE00EEE095
:101190000EE0000EE00EEEEEEEE00EE000000000CD
:1011A00000000EE00000000EE0000000000000EE75
:1011B000E000EEE0EEEEEEE00EEE00EEEE0EEEEE15
:1011C000EEE00EE000000000000000000000000063
:1011D00000000000000000000000000EEEEEEEE057
:1011E0000EE0000EE00EE0EEEEE00EE00EEEE000AF
:1011F00000000EE00000000EE0000000000000EE25
:10120000E000EEE0EEEEEEE00EEEEEEEEE0EEE00C4
:10121000EEE00EE000000000000000000000000012
:1012200000000000000000000000000EEEEEEEE006
:101230000EE0000EE00EE00EEEE00EE00EEEE0003E
:1012400000000EE00000000EE0000000000000EED4
:10125000E000EEE0EEEEEE000EEEEEEEE00EEE0062
:10126000EEE00EE0000000000000000000000000C2
:1012700000000000000000000000000EEEEEEE0096
:101280000EE0000EE00EE00EEEE00EE00EEEE000EE
:1012900000000EE00000000EE0000000000000EE84
:1012A000E000EEE0EEE000000EEEEEEE000EEEEE00
:1012B000EEE00EE000000000000000000000000072
:1012C00000000000000000000000000EE000000030
:1012D0000EE0000EE00EE000EEE00EE0000EE0009A
:1012E00000000EE00000000EE0000000000000EE34
:1012F000E000EEE0EEE000000EEE0000000EEEEE8C
:10130000EEE00EE000000000000000000000000021
:1013100000000000000000000000000EE0000000DF
:101320000EE0000EE00EE000EEE00EE0000EE00049
:1013300000000EE0000EE00EE0000EE0000000EE07
:10134000E000EEE0EEE000000EEE0000000EEE0029
:1013500000000EE00000000000000000000000009F
:1013600000000000000000000000000EE00000008F
:101370000EEE00EEE00EE0000EE00EEE00EEE000FD
:1013800000000EEE00EEE00EEE00EEE0000000EEDB
:10139000E00EEEE0EEE000000EEE0000000EEE00CB
:1013A00000000EE00000000000000000000000004F
:1013B00000000000000000000000000EE00000003F
:1013C0000EEEEEEEE00EE0000EE00EEEEEEEE000D1
:1013D00000000EEEEEEEE00EEEEEEEE0000000EEAF
:1013E000EEEEEE00EEE000000EEE0000000EEEEE7F
:1013F000EEE00EEEE0000000000000000000000043
:1014000000000000000000000000000EE0000000EE
:101410000EEEEEEEE00EE0000EE00EEEEEEEE00080
:1014200000000EEEEEEEE00EEEEEEEE00000000E3E
:10143000EEEEEE00EEE000000EEE0000000EEEEE2E
:10144000EEE00EEEE00000000000000000000000F2
:1014500000000000000000000000000EE00000009E
:10146000000EEEEE000EE0000EE0000EEEE00000DA
:10147000000000EEEEEE0000EEEEE0000000000ED8
:10148000EEEEE000EEE000000EEE00000000EEEEFA
:10149000EEE000EEE00000000000000000000000B0
:1014A000000000000000000000000000000000003C
:1014B000000000000000000000000000000000002C
:1014C000000000000000000000000000000000001C
:1014D000000000000000000000000000000000000C
:1014E00000000000000000000000000000000000FC
:1014F00000000000000000000000000000000000EC
:1015000000000000000000000000000000000000DB
:1015100000000000000000000000000000000000CB
:1015200000000000000000000000000000000000BB
:1015300000000000000000000000000000000000AB
:10154000000000000000000000000000000000009B
:10155000000000000000000000000000000000008B
:10156000000000000000000000000000000000007B
:10157000000000000000000000000000000000006B
:10158000000000000000000000000000000000005B
:10159000000000000000000000000000000000004B
:1015A000000000000000000000000000000000003B
:1015B000000000000000000000000000000000002B
:1015C000000000000000000000000000000000001B
:1015D000000000000000000000000000000000000B
:1015E00000000000000000000000000000000000FB
:1015F00000000000000000000000000000000000EB
:1016000000000000000000000000000000000000DA
:1016100000000000000000000000000000000000CA
:1016200000000000000000000000000000000000BA
:1016300000000000000000000000000000000000AA
:10164000000000000000000000000000000000009A
:10165000000000000000000000000000000000008A
:10166000000000000000000000000000000000007A
:10167000000000000000000000000000000000006A
:10168000000000000000000000000000000000005A
:10169000000000000000000000000000000000004A
:1016A000000000000000000000000000000000003A
:1016B000000000000000000000000000000000002A
:1016C000000000000000000000000000000000001A
:1016D000000000000000000000000000000000000A
:1016E00000000000000000000000000000000000FA
:1016F00000000000000000000000000000000000EA
:1017000000000000000000000000000000000000D9
:1017100000000000000000000000000000000000C9
:1017200000000000000000000000000000000000B9
:1017300000000000000000000000000000000000A9
:101740000000000000000000000000000000000099
:101750000000000000000000000000000000000089
:101760000000000000000000000000000000000079
:101770000000000000000000000000000000000069
:101780000000000000000000000000000000000059
:101790000000000000000000000000000000000049
:1017A0000000000000000000000000000000000039
:1017B0000000000000000000000000000000000029
:1017C0000000000000000000000000000000000019
:1017D0000000000000000000000000000000000009
:1017E00000000000000000000000000000000000F9
:1017F00000000000000000000000000000000000E9
:1018000000000000000000000000000000000000D8
:1018100000000000000000000000000000000000C8
:1018200000000000000000000000000000000000B8
:1018300000000000000000000000000000000000A8
:101840000000000000000000000000000000000098
:101850000000000000000000000000000000000088
:101860000000000000000000000000000000000078
:101870000000000000000000000000000000000068
:101880000000000000000000000000000000000058
:101890000000000000000000000000000000000048
:1018A0000000000000000000000000000000000038
:1018B0000000000000000000000000000000000028
:1018C0000000000000000000000000000000000018
:1018D0000000000000000000000000000000000008
:1018E00000000000000000000000000000000000F8
:1018F00000000000000000000000000000000000E8
:1019000000000000000000000000000000000000D7
:1019100000000000000000000000000000000000C7
:1019200000000000000000000000000000000000B7
:1019300000000000000000000000000000000000A7
:101940000000000000000000000000000000000097
:101950000000000000000000000000000000000087
:1019600000000000000000000000EEEEEEEE0EEEC3
:101970000EEEE0EEE00000EEE0EE0EEE0E00000EE9
:101980000E0EEE0EE0E0000000000000000000007F
:101990000000000000000000000000000000000047
:1019A0000000000000000000000000000000000037
:1019B00000000000000000000000E00EEE0EEE004F
:1019C0000E000EE0000000E0E0EEEE0E0E00000E55
:1019D000E00E000EE0E0000000000000000000004B
:1019E00000000000000000000000000000000000F7
:1019F00000000000000000000000000000000000E7
:101A000000000000000000000000EEEE0EEE0EEE02
:101A100000EE00EEE00000E0EEEEEE0EE000000E64
:101A2000E00EEE00EE0000000000000000000000EC
:101A300000000000000000000000000000000000A6
:101A40000000000000000000000000000000000096
:101A500000000000000000000000EE000EEE0E008E
:101A60000000E000E00000EEEEE0EE00E000000E1E
:101A7000EE0E0000EE00000000000000000000007C
:101A80000000000000000000000000000000000056
:101A90000000000000000000000000000000000046
:101AA00000000000000000000000E0000E0E0EEE3E
:101AB0000EEEE0EEE00000E0EEE00E00E000000ED2
:101AC0000E0EEE60EE0000000000000000000000BE
:101AD0000000000000000000000000000000000006
:101AE00000000000000000000000000000000000F6
:101AF00000000000000000000000000000000000E6
:101B000000000000000000000000000000000000D5
:101B100000000000000000000000000000000000C5
:101B200000000000000000000000000000000000B5
:101B300000000000000000000000000000000000A5
:101B40000000000000000000000000000000000095
:101B50000000000000000000000000000000000085
:101B60000000000000000000000000000000000075
:101B70000000000000000000000000000000000065
:101B80000000000000000000000000000000000055
:101B90000000000000000000000000000000000045
:101BA0000000000000000000000000000000000035
:101BB0000000000000000000000000000000000025
:101BC0000000000000000000000000000000000015
:101BD0000000000000000000000000000000000005
:101BE00000000000000000000000000000000000F5
:101BF00000000000000000000000000000000000E5
:101C000000000000000000000000000000000000D4
:101C100000000000000000000000000000000000C4
:101C200000000000000000000000000000000000B4
:101C300000000000000000000000000000000000A4
:101C40000000000000000000000000000000000094
:101C50000000000000000000000000000000000084
:101C60000000000000000000000000000000000074
:101C70000000000000000000000000000000000064
:101C80000000000000000000000000000000000054
:101C90000000000000000000000000000000000044
:101CA0000000000000000000000000000000000034
:101CB0000000000000000000000000000000000024
:101CC0000000000000000000000000000000000014
:101CD0000000000000000000000000000000000004
:101CE00000000000000000000000000000000000F4
:101CF00000000000000000000000000000000000E4
:101D000000000000000000000000000000000000D3
:101D100000000000000000000000000000000000C3
:101D200000000000000000000000000000000000B3
:101D300000000000000000000000000000000000A3
:101D40000000000000000000000000000000000093
:101D50000000000000000000000000000000000083
:101D60000000000000000000000000000000000073
:101D70000000000000000000000000000000000063
:101D80000000000000000000000000000000000053
:101D90000000000000000000000000000000000043
:101DA0000000000000000000000000000000000033
:101DB0000000000000000000000000000000000023
:101DC0000000000000000000000000000000000013
:101DD0000000000000000000000000000000000003
:101DE00000000000000000000000000000000000F3
:101DF00000000000000000000000000000000000E3
:101E000000000000000000000000000000000000D2
:101E100000000000000000000000000000000000C2
:101E200000000000000000000000000000000000B2
:101E300000000000000000000000000000000000A2
:101E40000000000000000000000000000000000092
:101E50000000000000000000000000000000000082
:101E60000000000000000000000000000000000072
:101E70000000000000000000000000000000000062
:101E80000000000000000000000000000000000052
:101E90000000000000000000000000000000000042
:101EA0000000000000000000000000000000000032
:101EB0000000000000000000000000000000000022
:101EC0000000000000000000000000000000000012
:101ED0000000000000000000000000000000000002
:101EE00000000000000000000000000000000000F2
:101EF00000000000000000000000000000000000E2
:101F000000000000000000000000000000000000D1
:101F100000000000000000000000000000000000C1
:101F200000000000000000000000000000000000B1
:101F300000000000000000000000000000000000A1
:101F40000000000000000000000000000000000091
:101F50000000000000000000000000000000000081
:101F60000000000000000000000000000000000071
:101F70000000000000000000000000000000000061
:101F80000000000000000000000000000000000051
:101F90000000000000000000000000000000000041
:101FA0000000000000000000000000000000000031
:101FB0000000000000000000000000000000000021
:101FC0000000000000000000000000000000000011
:101FD0000000000000000000000000000000000001
:101FE00000000000000000000000000000000000F1
:101FF00000000000000000000000000000000000E1
:1020000000000000000000000000000000000000D0
:1020100000000000000000000000000000000000C0
:1020200000000000000000000000000000000000B0
:1020300000000000000000000000000000000000A0
:102040000000000000000000000000000000000090
:102050000000000000000000000000000000000080
:102060000000000000000000000000000000000070
:102070000000000000000000000000000000000060
:102080000000000000000000000000000000000050
:102090000000000000000000000000000000000040
:1020A0000000000000000000000000000000000030
:1020B0000000000000000000000000000000000020
:1020C0000000000000000000000000000000000010
:1020D0000000000000000000000000000000000000
:1020E00000000000000000000000000000000000F0
:1020F00000000000000000000000000000000000E0
:1021000000000000000000000000000000000000CF
:1021100000000000000000000000000000000000BF
:1021200000000000000000000000000000000000AF
:10213000000000000000000000000000000000009F
:10214000000000000000000000000000000000008F
:10215000000000000000000000000000000000007F
:10216000000000000000000000000000000000006F
:10217000000000000000000000000000000000005F
:10218000000000000000000000000000000000004F
:10219000000000000000000000000000000000003F
:1021A000000000000000000000000000000000002F
:1021B000000000000000000000000000000000001F
:1021C000000000000000000000000000000000000F
:1021D00000000000000000000000000000000000FF
:1021E00000000000000000000000000000000000EF
:1021F00000000000000000000000000000000000DF
:1022000000000000000000000000000000000000CE
:1022100000000000000000000000000000000000BE
:1022200000000000000000000000000000000000AE
:10223000000000000000000000000000000000009E
:10224000000000000000000000000000000000008E
:102250000000000000000000000000000E00000070
:10226000000000000000000000000000000000006E
:10227000000000000000000000000000000000005E
:10228000000000000000000000000000000000004E
:10229000000000000000000000000000000000003E
:1022A0000000000000000000000000000E00000020
:1022B000000000000000000000000000000000001E
:1022C000000000000000000000000000000000000E
:1022D00000000000000000000000000000000000FE
:1022E00000000000000000000000000000000000EE
:1022F000000000000000000000000000EEE0000010
:1023000000000000000000000000000000000000CD
:1023100000000000000000000000000000000000BD
:1023200000000000000000000000000000000000AD
:10233000000000000000000000000000000000009D
:102340000000000000000000000000000E0000007F
:10235000000000000000000000000000000000007D
:10236000000000000000000000000000000000006D
:10237000000000000000000000000000000000005D
:10238000000000000000000000000000000000004D
:10239000000000000000000000000000000000003D
:1023A000000000000000000000000000000000002D
:1023B000000000000000000000000000000000001D
:1023C000000000000000000000000000000000000D
:1023D00000000000000000000000000000000000FD
:1023E00000000000000000000000000000000000ED
:1023F00000000000000000000000000000000000DD
:1024000000000000000000000000000000000000CC
:1024100000000000000000000000000000000000BC
:1024200000000000000000000000000000000000AC
:10243000000000000000000000000000000000009C
:10244000000000000000000000000000000000008C
:10245000000000000000000000000000000000007C
:10246000000000000000000000000000000000006C
:10247000000000000000000000000000000000005C
:10248000000000000000000000000000000000004C
:10249000000000000000000000000000000000003C
:1024A000000000000000000000000000000000002C
:1024B000000000000000000000000000000000001C
:1024C000000000000000000000000000000000000C
:1024D00000000000000000000000000000000000FC
:1024E00000000000000000000000000000000000EC
:1024F00000000000000000000000000000000000DC
:1025000000000000000000000000000000000000CB
:1025100000000000000000000000000000000000BB
:1025200000000000000000000000000000000000AB
:10253000000000000000000000000000000000009B
:10254000000000000000000000000000000000008B
:10255000000000000000000000000000000000007B
:10256000000000000000000000000000000000006B
:10257000000000000000000000000000000000005B
:10258000000000000000000000000000000000004B
:10259000000000000000000000000000000000003B
:1025A000000000000000000000000000000000002B
:1025B000000000000000000000000000000000001B
:1025C000000000000000000000000000000000000B
:1025D00000000000000000000000000000000000FB
:1025E00000000000000000000000000000000000EB
:1025F00000000000000000000000000000000000DB
:1026000000000000000000000000000000000000CA
:1026100000000000000000000000000000000000BA
:1026200000000000000000000000000000000000AA
:10263000000000000000000000000000000000009A
:10264000000000000000000000000000000000008A
:10265000000000000000000000000000000000007A
:10266000000000000000000000000000000000006A
:10267000000000000000000000000000000000005A
:10268000000000000000000000000000000000004A
:10269000000000000000000000000000000000003A
:1026A000000000000000000000000000000000002A
:1026B000000000000000000000000000000000001A
:1026C000000000000000000000000000000000000A
:1026D00000000000000000000000000000000000FA
:1026E00000000000C000000000000000000000002A
:1026F00000000000000000000000000000000000DA
:1027000000000000000000000000000000000000C9
:1027100000000000000000000000000000000000B9
:1027200000000000000000000000000000000000A9
:1027300000000000E00000000000000000000000B9
:102740000000000000000000000000000000000089
:102750000000000000000000000000000000000079
:102760000000000000000000000000000000000069
:102770000000000000000000000000000000000059
:1027800000000008C0000000000000000000000081
:102790000000000000000000000000000000000039
:1027A0000000000000000000000000000000000029
:1027B0000000000000000000000000000000000019
:1027C0000000000000000000000000000000000009
:1027D0000000000C8000000000000000000000006D
:1027E00000000000000000000000000000000000E9
:1027F00000000000000000000000000000000000D9
:1028000000000000000000000000000000000000C8
:1028100000000000000000000000000000000000B8
:10282000000888C800000000000000000000000050
:102830000000000000000000000000000000000098
:102840000000000000000000000000000000000088
:102850000000000000000000000000000000000078
:102860000000000000000000000000000000000068
:1028700000CC8CC800000000000000000000000038
:102880000000000000000000000000000000000048
:102890000000000000000000000000000000000038
:1028A0000000000000000000000000000000000028
:1028B0000000000000000000000000000000000018
:1028C0000088888800000000000000000000000070
:1028D00000000000000000000000000000000000F8
:1028E00000000000000000000000000000000000E8
:1028F00000000000000000000000000000000000D8
:1029000000000000000000000000000000000000C7
:1029100008C0008C00000000000000000000000063
:1029200000000000000000000000000000000000A7
:102930000000000000000000000000000000000097
:102940000000000000000000000000000000000087
:102950000000000000000000000000000000000E69
:1029600008E888CE88C8C000000000000000000011
:102970000000000000000000000000000000000057
:102980000000000000000000000000000000000047
:102990000000000000000000000000000000000037
:1029A000000000000000000000000000000000EE39
:1029B00008EEEEEEEC808C0000000000000000004D
:1029C0000000000000000000000000000000000007
:1029D00000000000000000000000000000000000F7
:1029E00000000000000000000000000000000000E7
:1029F0000000000000000000000000000000EEEEFB
:102A0000E08EEEC8008CEC800000000000000000AA
:102A100000000000000000000000000000000000B6
:102A200000000000000000000000000000000000A6
:102A30000000000000000000000000000000000096
:102A4000000000000000000000000000000EEEEE9C
:102A5000EE08000000000CC00000000000000000B4
:102A60000000000000000000000000000000000066
:102A70000000000000000000000000000000000056
:102A80000000000000000000000000000000000046
:102A90000000000000000000000000000CEEEEEE60
:102AA000EEE00000000000C0000000000000000098
:102AB0000000000000000000000000000000000016
:102AC0000000000000000000000000000000000006
:102AD00000000000000000000000000000000000F6
:102AE000000000000000000000000000CEEEEEEE4E
:102AF000EEEE0000888000000000000000000000F2
:102B000000000000000000000000000000000000C5
:102B100000000000000000000000000000000000B5
:102B200000000000000000000000000000000000A5
:102B300000000000000000000000000EEEEEEEEECF
:102B4000EE800000CEC00000000000000000000089
:102B50000000000000000000000000000000000075
:102B60000000000000000000000000000000000065
:102B70000000000000000000000000000000000055
:102B80000000000000000000000000EEEEEEEEEE9F
:102B9000E000000000000000000000000000000055
:102BA0000000000000000000000000000000000025
:102BB0000000000000000000000000000000000015
:102BC0000000000000000000000000000000000005
:102BD000000000000000000000000EEEEEEEEEEE41
:102BE00000C008EE088CE8000000000000000000B3
:102BF00000000000000000000000000000000000D5
:102C000000000000000000000000000000000000C4
:102C100000000000000000000000000000000000B4
:102C200000000000000000000000EEEEEEEEEEE01E
:102C3000000080888C8888000000000000000000F0
:102C40000000000000000000000000000000000084
:102C50000000000000000000000000000000000074
:102C60000000000000000000000000000000000064
:102C70000000000000000000000EEEEEEEEEEE00A0
:102C80000E008C808C808C80000000000000000012
:102C90000000000000000000000000000000000034
:102CA0000000000000000000000000000000000024
:102CB0000000000000000000000000000000000014
:102CC0000000000000000000000EEEEEEEEEE0005E
:102CD0000EE08E88888C8E800000000000000000CE
:102CE00000000000000000000000000000000000E4
:102CF00000000000000000000000000000000000D4
:102D000000000000000000000000000000000000C3
:102D1000000000000000000000EEEEEEEEEE00E02D
:102D20000EE00C88EEE88E00EE00000000000000CF
:102D30000000000000000000000000000000000093
:102D40000000000000000000000000000000000083
:102D50000000000000000000000000000000000073
:102D6000000000000000000000EEEEEEEEE000EEDD
:102D7000E0EE08ECEEE8EC00EE00000000000000E1
:102D80000000000000000000000000000000000043
:102D90000000000000000000000000000000000033
:102DA0000000000000000000000000000000000023
:102DB000000000000000000000EEEEEEEEE0EEEE9F
:102DC000EECE00CEC8CEC00EE00000000000000035
:102DD00000000000000000000000000000000000F3
:102DE00000000000000000000000000000000000E3
:102DF00000000000000000000000000000000000D3
:102E00000000000000000000000EEEEEEEE0EEEE2E
:102E1000EEE0E008ECE800EE0EEEEE000000000050
:102E200000000000000000000000000000000000A2
:102E30000000000000000000000000000000000092
:102E40000000000000000000000000000000000082
:102E50000000000000000000000EEEEEEEEEEEEED0
:102E6000EEEEEE000000EEE0EEEEEEEE0000000012
:102E70000000000000000000000000000000000052
:102E80000000000000000000000000000000000042
:102E90000000000000000000000000000000000032
:102EA00000000000000000000000EEEEEEEEEEEE8E
:102EB000EEEEEEEEC00EEE0EEEEEEEEEC000000018
:102EC0000000000000000000000000000000000002
:102ED00000000000000000000000000000000000F2
:102EE00000000000000000000000000000000000E2
:102EF000000000000000000000008EEEEEEEEEE0AC
:102F0000EEEEEE0EEE0EEEEEEEEEEEEEE000000079
:102F100000000000000000000000000000000000B1
:102F200000000000000000000000000000000000A1
:102F30000000000000000000000000000000000091
:102F4000000000000000000000000EEEEEEEEE0EAD
:102F5000EEEEEEEEEE0EEEEEEEEEEEEEE000000049
:102F60000000000000000000000000000000000061
:102F70000000000000000000000000000000000051
:102F80000000000000000000000000000000000041
:102F90000000000000000000000000EEEEEEEE0E6B
:102FA000EEEEEEEEEE000EEEEEEEEEEEEE000000D9
:102FB0000000000000000000000000000000000011
:102FC0000000000000000000000000000000000001
:102FD00000000000000000000000000000000000F1
:102FE00000000000000000000000000EEEEEE0EE29
:102FF000EEEEEEEEEE00EEEEEEEEEEEEEE000000A9
:1030000000000000000000000000000000000000C0
:1030100000000000000000000000000000000000B0
:1030200000000000000000000000000000000000A0
:10303000000000000000000000000000EEEEECEEDA
:10304000EEEEEEEEEEE00EEEEEEEEEEEEE00000058
:103050000000000000000000000000000000000070
:103060000000000000000000000000000000000060
:103070000000000000000000000000000000000050
:103080000000000000000000000000000EEC0EEE4A
:10309000EEEEEEEEEEEE0EEEEEEEEEEEEEE000001A
:1030A0000000000000000000000000000000000020
:1030B0000000000000000000000000000000000010
:1030C0000000000000000000000000000000000000
:1030D0000000000000000000000000000000EEEE14
:1030E000EEEEEEEEEEEE00EEEEEEEC0EEEEEE000CC
:1030F00000000000000000000000000000000000D0
:1031000000000000000000000000000000000000BF
:1031100000000000000000000000000000000000AF
:10312000000000000000000000000000000EEEEEB5
:10313000EEEEEEEEEEEE00EEEEEEEEEEEEEEEE008B
:10314000000000000000000000000000000000007F
:10315000000000000000000000000000000000006F
:10316000000000000000000000000000000000005F
:10317000000000000000000000000000000EEEEE65
:10318000EEEEEEEEEEEE00EEEEEEEE0EEEEEEE001B
:10319000000000000000000000000000000000002F
:1031A000000000000000000000000000000000001F
:1031B000000000000000000000000000000000000F
:1031C00000000000000000000000000000EEEEEE35
:1031D000EEEEEEEEEEEE00EEEEEEEE0EEEEEEEE0EB
:1031E00000000000000000000000000000000000DF
:1031F00000000000000000000000000000000000CF
:1032000000000000000000000000000000000000BE
:1032100000000000000000000000000000EEEEEEE4
:10322000EEEEEEEEEECE00EEEEEEEEEEEEEEEEEECC
:10323000000000000000000000000000000000008E
:10324000000000000000000000000000000000007E
:10325000000000000000000000000000000000006E
:1032600000000000000000000000000000EEEEEE94
:10327000EEEEEEEEEEEE00EEEEEEEECEEEEEEEEE7C
:10328000000000000000000000000000000000003E
:10329000000000000000000000000000000000002E
:1032A000000000000000000000000000000000001E
:1032B000000000000000000000000000000EEECE44
:1032C000EEEEEEEEEEEE0EEEEEEEEE0EEEEEEEEEDE
:1032D000E00000000000000000000000000000000E
:1032E00000000000000000000000000000000000DE
:1032F00000000000000000000000000000000000CE
:10330000000000000000000000000000000EEEE0E1
:10331000EEEEEEEEEEEE0EEEEEEEEE0CE0EEEEEE9D
:10332000E0000000000000000000000000000000BD
:10333000000000000000000000000000000000008D
:10334000000000000000000000000000000000007D
:10335000000000000000000000000000000EEEEE83
:10336000EEEEEEEEEEE00CEEEEEEEE00EEEEEEEE5B
:10337000E00000000000000000000000000000006D
:10338000000000000000000000000000000000003D
:10339000000000000000000000000000000000002D
:1033A000000000000000000000000000000EEEEE33
:1033B000EEEEEEEEEEEE0EEEEEEEC0EEEEEEEEEE3B
:1033C000E00000000000000000000000000000001D
:1033D00000000000000000000000000000000000ED
:1033E00000000000000000000000000000000000DD
:1033F000000000000000000000000000000EEEEEE3
:10340000EEEEEEEEEEEE00EEEE00EEEEEEEEEEEEB8
:10341000E0000000000000000000000000000000CC
:10342000000000000000000000000000000000009C
:10343000000000000000000000000000000000008C
:103440000000000000000000000000000000EEEEA0
:103450000EEEEEEEEEEE00EEECEEEEEEEEEEEEEE5C
:10346000000000000000000000000000000000005C
:10347000000000000000000000000000000000004C
:10348000000000000000000000000000000000003C
:103490000000000000000000000000000000EEE05E
:1034A000EEEEEEEEEEEE00E0EEEEEEEEEEEEEEE046
:1034B000000000000000000000000000000000000C
:1034C00000000000000000000000000000000000FC
:1034D00000000000000000000000000000000000EC
:1034E0000000000000000000000000000000EEEE00
:1034F000EEEEEEEEEEEE000EEEEEEEEEEEEEEE00A8
:1035000000000000000000000000000000000000BB
:1035100000000000000000000000000000000000AB
:10352000000000000000000000000000000000009B
:103530000000000000000000000000000000EEE0BD
:10354000CEEEEEEEEEE0000EEEEEEEEEEEEEE00291
:1035500062266666600000000000000000000000B7
:10356000000000000000000000000000000000005B
:10357000000000000000000000000000000000004B
:103580000000000000000000000000000000EEE06D
:103590000EEEEEEEEE08CC80EEEEEEEEEEE0022267
:1035A0002226666666200000000000000000000081
:1035B000000000000000000000000000000000000B
:1035C00000000000000000000000000000000000FB
:1035D00000000000000000000000000000008CE07F
:1035E0000EEEEEEE088CECC0EEEEEEEEE0002222E7
:1035F00022226666666600000000000000000000EF
:1036000000000000000000000000000000000000BA
:1036100000000000000000000000000000000000AA
:103620000000000000000000000000000000EEE0CC
:103630000E0EEEEEE08CECC80EEEEE000002222242
:103640002222226666666200000000000000000080
:10365000000000000000000000000000000000006A
:10366000000000000000000000000000000000005A
:103670000000000000000000000000000000EEEE6E
:103680000EEEEEEEC88CCCEC0EEE000000222222F4
:103690002222222262666662000000000000000012
:1036A000000000000000000000000000000000001A
:1036B000000000000000000000000000000000000A
:1036C00000000000000000000000000000000EEEFE
:1036D000CEEEEEEE888C8CE8000000000222002284
:1036E00022022222226666666000000000000000BE
:1036F00000000000000000000000000000000000CA
:1037000000000000000000000000000000000000B9
:1037100000000000000000000000000000000EEEAD
:10372000EEEEEEE008C08880C0000000022002201B
:1037300000000002222666666620000000000000ED
:103740000000000000000000000000000000000079
:103750000000000000000000000000000000000069
:1037600000000000000000000000000000000EE06B
:103770000CEEEEE00808080EEEE00020220000004B
:103780000000000002222622222200000000000089
:103790000000000000000000000000000000000029
:1037A0000000000000000000000000000000000019
:1037B00000000000000000000000000000000CE01D
:1037C000EEEC0EE00000000EEE0000000000000035
:1037D000000000000222022222222200000000003B
:1037E00000000000000000000000000000000000D9
:1037F00000000000000000000000000000000000C9
:10380000000000000000000000000000000000EECA
:10381000EEEEEEEE0000000EE00000000000000002
:1038200000000000000022222222222200000000CC
:103830000000000000000000000000000000000088
:103840000000000000000000000000000000000078
:10385000000000000000000000000000000000EE7A
:10386000EEEEEEEEEEEEEE000000000000000000D6
:10387000000000000000022222222222000000009C
:103880000000000000000000000000000000000038
:103890000000000000000000000000000000000028
:1038A000000000000000000000000000000000EE2A
:1038B000EEEEEEEEEEEEEC00000000000000000088
:1038C0000000000000000000002222020220000090
:1038D00000000000000000000000000000000000E8
:1038E00000000000000000000000000000000000D8
:1038F000000000000000000000000000000000EEDA
:10390000CEEECCEEEEEC0000000000000000000067
:103910000000000000000000222000020220000041
:103920000000000000000000000000000000000097
:103930000000000000000000000000000000000087
:103940000000000000000000000000000000000077
:103950000EECEEE08C000000000000000000000013
:103960000000000000000000000022020000000033
:103970000000000000000000000000000000000047
:103980000000000000000000000000000000000037
:103990000000000000000000000000000000000027
:1039A0000000000000000000000000000000000017
:1039B00000000000000000000000220200000000E3
:1039C00000000000000000000000000000000000F7
:1039D00000000000000000000000000000000000E7
:1039E00000000000000000000000000000000000D7
:1039F00000000000000000000000000000000000C7
:103A00000000000000000000000000000000200096
:103A100000000000000000000000000000000000A6
:103A20000000000000000000000000000000000096
:103A30000000000000000000000000000000000086
:103A40000002000000000000000000000000000074
:103A50000000000000000000000000000000000066
:103A60000000000000000000000000000000000056
:103A70000000000000000000000000000000000046
:103A80000000000000000000000000000000000036
:103A90000000000220000000000000000000000004
:103AA0000000000000000000000000000002000014
:103AB0000000000000000000000000000000000006
:103AC00000000000000000000000000000000000F6
:103AD00000000000000000000000000000000000E6
:103AE0000002222000000000000000000000000092
:103AF00000000000000000000000000000000000C6
:103B000000000000000000000000000000000000B5
:103B100000000000000000000000000000000000A5
:103B20000000000000000000000000000000000095
:103B3000000222222200000000000000000000001D
:103B40000000000000000000000000000000000075
:103B50000000000000000000000000000000000065
:103B60000000000000000000000000000000000055
:103B70000000000000000000000000000000000045
:103B8000002222222022000000000000000000008D
:103B90000000000000000000000000000000000025
:103BA0000000000000000000000000000000000015
:103BB0000000000000000000000000000000000005
:103BC00000000000000000000000000000000000F5
:103BD000022222222220000000000000000000003B
:103BE00000000000000000000000000000000000D5
:103BF00000000000000000000000000000000000C5
:103C000000000000000000000000000000000000B4
:103C100000000000000000000000000000000000A4
:103C200002222222222200000000000000000000E8
:103C30000000000000000000000000000000000084
:103C40000000000000000000000000000000000074
:103C50000000000000000000000000000000000064
:103C60000000000000000000000000000000000054
:103C7000002222222222000000000000000000009A
:103C80000000000000000000000000000000000034
:103C90000000000000000000000000000000000024
:103CA0000000000000000000000000000000000014
:103CB0000000000000000000000000000000000004
:103CC000000222222220000000000000000000006C
:103CD00000000000000000000000000000000000E4
:103CE00000000000000000000000000000000000D4
:103CF00000000000000000000000000000000000C4
:103D000000000000000000000000000000000000B3
:103D10000002222222220000000000000000000019
:103D20000000000000000000000000000000000093
:103D30000000000000000000000000000000000083
:103D40000000000000000000000000000000000073
:103D50000000000000000000000000000000000063
:103D600000222222222200000000000000000000A9
:103D70000000000000000000000000000000000043
:103D80000000000000000000000000000000000033
:103D90000000000000000000000000000000000023
:103DA0000000000000000000000000000000000013
:103DB0000022222226222000000000000000000035
:103DC00000000000000000000000000000000000F3
:103DD00000000000000000000000000000000000E3
:103DE00000000000000000000000000000000000D3
:103DF00000000000000000000000000000000000C3
:103E000000022222226200000000000000000000E8
:103E100000000000000000000000000000000000A2
:103E20000000000000000000000000000000000092
:103E30000000000000000000000000000000000082
:103E40000000000000000000000000000000000072
:103E500000022222222000000000000000000000DA
:103E60000000000000000000000000000000000052
:103E70000000000000000000000000000000000042
:103E80000000000000000000000000000000000032
:103E90000000000000000000000000000000000022
:103EA000000222222220000000000000000000008A
:103EB0000000000000000000000000000000000002
:103EC00000000000000000000000000000000000F2
:103ED00000000000000000000000000000000000E2
:103EE00000000000000000000000000000000000D2
:103EF000000022222220000000000000000000003C
:103F000000000000000000000000000000000000B1
:103F100000000000000000000000000000000000A1
:103F20000000000000000000000000000000000091
:103F30000000000000000000000000000000000081
:103F400000022222222000000000000000000000E9
:103F50000000000000000000000000000000000061
:103F60000000000000000000000000000000000051
:103F70000000000000000000000000000000000041
:103F80000000000000000000000000000000000031
:103F90000000222222220000000000000000000099
:103FA0000000000000000000000000000000000011
:103FB0000000000000000000000000000000000001
:103FC00000000000000000000000000000000000F1
:103FD00000000000000000000000000000000000E1
:103FE0000000222226220000000000000000000045
:103FF00000000000000000000000000000000000C1
:1040000000000000000000000000000000000000B0
:1040100000000000000000000000000000000000A0
:104020000000000000000000000000000000000090
:104030000000022222220000000000000000000018
:104040000000000000000000000000000000000070
:104050000000000000000000000000000000000060
:104060000000000000000000000000000000000050
:104070000000000000000000000000000000000040
:1040800000000222222000000000000000000000CA
:104090000000000000000000000000000000000020
:1040A0000000000000000000000000000000000010
:1040B0000000000000000000000000000000000000
:1040C00000000000000000000000000000000000F0
:1040D000000022222220000000000000000000005A
:1040E00000000000000000000000000000000000D0
:1040F00000000000000000000000000000000000C0
:1041000000000000000000000000000000000000AF
:10411000000000000000000000000000000000009F
:104120000000022222000000000000000000000049
:10413000000000000000000000000000000000007F
:10414000000000000000000000000000000000006F
:10415000000000000000000000000000000000005F
:10416000000000000000000000000000000000004F
:1041700000000222220000000000000000000000F9
:10418000000000000000000000000000000000002F
:10419000000000000000000000000000000000001F
:1041A000000000000000000000000000000000000F
:1041B00000000000000000000000000000000000FF
:1041C000000000222020000000000000000000008D
:1041D00000000000000000000000000000000000DF
:1041E00000000000000000000000000000000000CF
:1041F00000000000000000000000000000000000BF
:1042000000000000000000000000000000000000AE
:10421000000000000222000000000000000000007A
:10422000000000000000000000000000000000008E
:10423000000000000000000000000000000000007E
:10424000000000000000000000000000000000006E
:10425000000000000000000000000000000000005E
:10426000000000000222000000000000000000002A
:10427000000000000000000000000000000000003E
:10428000000000000000000000000000000000002E
:10429000000000000000000000000000000000001E
:1042A000000000000000000000000000000000000E
:1042B00000000000022200000000000000000000DA
:1042C00000000000000000000000000000000000EE
:1042D00000000000000000000000000000000000DE
:1042E00000000000000000000000000000000000CE
:1042F00000000000000000000000000000000000BE
:10430000000000000220000000000000000000008B
:10431000000000000000000000000000000000009D
:10432000000000000000000000000000000000008D
:10433000000000000000000000000000000000007D
:10434000000000000000000000000000000000006D
:10435000000000000200000000000000000000005B
:10436000000000000000000000000000000000004D
:10437000000000000000000000000000000000003D
:10438000000000000000000000000000000000002D
:10439000000000000000000000000000000000001D
:1043A000000000000000000000000000000000000D
:1043B00000000000000000000000000000000000FD
:1043C00000000000000000000000000000000000ED
:1043D00000000000000000000000000000000000DD
:1043E00000000000000000000000000000000000CD
:1043F00000000000000000000000000000000000BD
:1044000000000000000000000000000000000000AC
:10441000000000000000000000000000000000009C
:10442000000000000000000000000000000000008C
:10443000000000000000000000000000000000007C
:10444000000000000000000000000000000000006C
:10445000000000000000000000000000000000005C
:10446000000000000000000000000000000000004C
:10447000000000000000000000000000000000003C
:10448000000000000000000000000000000000002C
:10449000000000000000000000000000000000001C
:1044A000000000000000000000000000000000000C
:1044B00000000000000000000000000000000000FC
:1044C00000000000000000000000000000000000EC
:1044D00000000000000000000000000000000000DC
:1044E00000000000000000000000000000000000CC
:1044F00000000000000000000000000000000000BC
:1045000000000000000000000000000000000000AB
:10451000000000000000000000000000000000009B
:10452000000000000000000000000000000000008B
:10453000000000000000000000000000000000007B
:10454000000000000000000000000000000000006B
:10455000000000000000000000000000000000005B
:10456000000000000000000000000000000000004B
:10457000000000000000000000000000000000003B
:10458000000000000000000000000000000000002B
:10459000000000000000000000000000000000001B
:1045A000000000000000000000000000000000000B
:1045B00000000000000000000000000000000000FB
:1045C00000000000000000000000000000000000EB
:1045D00000000000000000000000000000000000DB
:1045E00000000000000000000000000000000000CB
:1045F00000000000000000000000000000000000BB
:1046000000000000000000000000000000000000AA
:10461000000000000000000000000000000000009A
:10462000000000000000000000000000000000008A
:10463000000000000000000000000000000000007A
:10464000000000000000000000000000000000006A
:10465000000000000000000000000000000000005A
:10466000000000000000000000000000000000004A
:10467000000000000000000000000000000000003A
:10468000000000000000000000000000000000002A
:10469000000000000000000000000000000000001A
:1046A000000000000000000000000000000000000A
:1046B00000000000000000000000000000000000FA
:1046C00000000000000000000000000000000000EA
:1046D00000000000000000000000000000000000DA
:1046E00000000000000000000000000000000000CA
:1046F00000000000000000000000000000000000BA
:1047000000000000000000000000000000000000A9
:104710000000000000000000000000000000000099
:104720000000000000000000000000000000000089
:104730000000000000000000000000000000000079
:104740000000000000000000000000000000000069
:104750000000000000000000000000000000000059
:104760000000000000000000000000000000000049
:104770000000000000000000000000000000000039
:104780000000000000000000000000000000000029
:104790000000000000000000000000000000000019
:1047A0000000000000000000000000000000000009
:1047B00000000000000000000000000000000000F9
:1047C00000000000000000000000000000000000E9
:1047D00000000000000000000000000000000000D9
:1047E00000000000000000000000000000000000C9
:1047F00000000000000000000000000000000000B9
:1048000000000000000000000000000000000000A8
:104810000000000000000000000000000000000098
:10482000000000000000000000000000E0000000A8
:104830000000000000000000000000000000000078
:104840000000000000000000000000000000000068
:104850000000000000000000000000000000000058
:104860000000000000000000000000000000000048
:1048700000000000000000000000000EEE0000003C
:104880000000000000000000000000000000000028
:104890000000000000000000000000000000000018
:1048A0000000000000000000000000000000000008
:1048B00000000000000000000000000000000000F8
:1048C0000000000000000000000000EEEEE000002C
:1048D00000000000000000000000000000000000D8
:1048E00000000000000000000000000000000000C8
:1048F00000000000000000000000000000000000B8
:1049000000000000000000000000000000000000A7
:1049100000000000000000000000000EEE0000009B
:104920000000000000000000000000000000000087
:104930000000000000000000000000000000000077
:104940000000000000000000000000000000000067
:104950000000000000000000000000000000000057
:10496000000000000000000000000000E000000067
:104970000000000000000000000000000000000037
:104980000000000000000000000000000000000027
:104990000000000000000000000000000000000017
:1049A0000000000000000000000000000000000007
:1049B00000000000000000000000000000000000F7
:1049C00000000000000000000000000000000000E7
:1049D00000000000000000000000000000000000D7
:1049E00000000000000000000000000000000000C7
:1049F00000000000000000000000000000000000B7
:104A000000000000000000000000000000000000A6
:104A10000000000000000000000000000000000096
:104A20000000000000000000000000000000000086
:104A30000000000000000000000000000000000076
:104A40000000000000000000000000000000000066
:104A50000000000000000000000000000000000056
:104A60000000000000000000000000000000000046
:104A70000000000000000000000000000000000036
:104A80000000000000000000000000000000000026
:104A90000000000000000000000000000000000016
:104AA0000000000000000000000000000000000006
:104AB00000000000000000000000000000000000F6
:104AC00000000000000000000000000000000000E6
:104AD00000000000000000000000000000000000D6
:104AE00000000000000000000000000000000000C6
:104AF00000000000000000000000000000000000B6
:104B000000000000000000000000000000000000A5
:104B10000000000000000000000000000000000095
:104B20000000000000000000000000000000000085
:104B30000000000000000000000000000000000075
:104B40000000000000000000000000000000000065
:104B50000000000000000000000000000000000055
:104B60000000000000000000000000000000000045
:104B70000000000000000000000000000000000035
:104B80000000000000000000000000000000000025
:104B90000000000000000000000000000000000015
:104BA0000000000000000000000000000000000005
:104BB00000000000000000000000000000000000F5
:104BC00000000000000000000000000000000000E5
:104BD00000000000000000000000000000000000D5
:104BE00000000000000000000000000000000000C5
:104BF00000000000000000000000000000000000B5
:104C000000000000000000000000000000000000A4
:104C10000000000000000000000000000000000094
:104C20000000000000000000000000000000000084
:104C30000000000000000000000000000000000074
:104C40000000000000000000000000000000000064
:104C50000000000000000000000000000000000054
:104C60000000000000000000000000000000000044
:104C70000000000000000000000000000000000034
:104C80000000000000000000000000000000000024
:104C90000000000000000000000000000000000014
:104CA0000000000000000000000000000000000004
:104CB00000000000000000000000000000000000F4
:104CC00000000000000000000000000000000000E4
:104CD00000000000000000000000000000000000D4
:104CE00000000000000000000000000000000000C4
:104CF00000000000000000000000000000000000B4
:104D000000000000000000000000000000000000A3
:104D10000000000000000000000000000000000093
:104D20000000000000000000000000000000000083
:104D30000000000000000000000000000000000073
:104D40000000000000000000000000000000000063
:104D50000000000000000000000000000000000053
:104D60000000000000000000000000000000000043
:104D70000000000000000000000000000000000033
:104D80000000000000000000000000000000000023
:104D90000000000000000000000000000000000013
:104DA0000000000000000000000000000000000003
:104DB00000000000000000000000000000000000F3
:104DC00000000000000000000000000000000000E3
:104DD00000000000000000000000000000000000D3
:104DE00000000000000000000000000000000000C3
:104DF00000000000000000000000000000000000B3
:104E000000000000000000000000000000000000A2
:104E10000000000000000000000000000000000092
:104E20000000000000000000000000000000000082
:104E30000000000000000000000000000000000072
:104E40000000000000000000000000000000000062
:104E50000000000000000000000000000000000052
:104E60000000000000000000000000000000000042
:104E70000000000000000000000000000000000032
:104E80000000000000000000000000000000000022
:104E90000000000000000000000000000000000012
:104EA0000000000000000000000000000000000002
:104EB00000000000000000000000000000000000F2
:104EC00000000000000000000000000000000000E2
:104ED00000000000000000000000000000000000D2
:104EE00000000000000000000000000000000000C2
:104EF00000000000000000000000000000000000B2
:104F000000000000000000000000000000000000A1
:104F10000000000000000000000000000000000091
:104F20000000000000000000000000000000000081
:104F30000000000000000000000000000000000071
:104F40000000000000000000000000000000000061
:104F50000000000000000000000000000000000051
:104F60000000000000000000000000000000000041
:104F70000000000000000000000000000000000031
:104F80000000000000000000000000000000000021
:104F90000000000000000000000000000000000011
:104FA0000000000000000000000000000000000001
:104FB00000000000000000000000000000000000F1
:104FC00000000000000000000000000000000000E1
:104FD00000000000000000000000000000000000D1
:104FE00000000000000000000000000000000000C1
:104FF00000000000000000000000000000000000B1
:1050000000000000000000000000000000000000A0
:105010000000000000000000000000000000000090
:105020000000000000000000000000000000000080
:105030000000000000000000000000000000000070
:105040000000000000000000000000000000000060
:105050000000000000000000000000000000000050
:105060000000000000000000000000000000000040
:105070000000000000000000000000000000000030
:105080000000000000000000000000000000000020
:105090000000000000000000000000000000000010
:1050A0000000000000000000000000000000000000
:1050B00000000000000000000000000000000000F0
:1050C00000000000000000000000000000000000E0
:1050D00000000000000000000000000000000000D0
:1050E00000000000000000000000000000000000C0
:1050F00000000000000000000000000000000000B0
:10510000000000000000000000000000000000009F
:10511000000000000000000000000000000000008F
:10512000000000000000000000000000000000007F
:10513000000000000000000000000000000000006F
:10514000000000000000000000000000000000005F
:10515000000000000000000000000000000000004F
:10516000000000000000000000000000000000003F
:10517000000000000000000000000000000000002F
:10518000000000000000000000000000000000001F
:10519000000000000000000000000000000000000F
:1051A00000000000000000000000000000000000FF
:1051B00000000000000000000000000000000000EF
:1051C00000000000000000000000000000000000DF
:1051D00000000000000000000000000000000000CF
:1051E00000000000000000000000000000000000BF
:1051F00000000000000000000000000000000000AF
:10520000000000000000000000000000000000009E
:10521000000000000000000000000000000000008E
:10522000000000000000000000000000000000007E
:10523000000000000000000000000000000000006E
:10524000000000000000000000000000000000005E
:10525000000000000000000000000000000000004E
:10526000000000000000000000000000000000003E
:10527000000000000000000000000000000000002E
:10528000000000000000000000000000000000001E
:10529000000000000000000000000000000000000E
:1052A00000000000000000000000000000000000FE
:1052B00000000000000000000000000000000000EE
:1052C00000000000000000000000000000000000DE
:1052D00000000000000000000000000000000000CE
:1052E00000000000000000000000000000000000BE
:1052F00000000000000000000000000000000000AE
:10530000000000000000000000000000000000009D
:10531000000000000000000000000000000000008D
:10532000000000000000000000000000000000007D
:10533000000000000000000000000000000000006D
:10534000000000000000000000000000000000005D
:10535000000000000000000000000000000000004D
:10536000000000000000000000000000000000003D
:10537000000000000000000000000000000000002D
:10538000000000000000000000000000000000001D
:10539000000000000000000000000000000000000D
:1053A00000000000000000000000000000000000FD
:1053B00000000000000000000000000000000000ED
:1053C00000000000000000000000000000000000DD
:1053D00000000000000000000000000000000000CD
:1053E00000000000000000000000000000000000BD
:1053F00000000000000000000000000000000000AD
:10540000000000000000000000000000000000009C
:10541000000000000000000000000000000000008C
:10542000000000000000000000000000000000007C
:10543000000000000000000000000000000000006C
:10544000000000000000000000000000000000005C
:10545000000000000000000000000000000000004C
:10546000000000000000000000000000000000003C
:10547000000000000000000000000000000000002C
:10548000000000000000000000000000000000001C
:10549000000000000000000000000000000000000C
:1054A00000000000000000000000000000000000FC
:1054B00000000000000000000000000000000000EC
:1054C00000000000000000000000000000000000DC
:1054D00000000000000000000000000000000000CC
:1054E00000000000000000000000000000000000BC
:1054F00000000000000000000000000000000000AC
:10550000000000000000000000000000000000009B
:10551000000000000000000000000000000000008B
:10552000000000000000000000000000000000007B
:10553000000000000000000000000000000000006B
:10554000000000000000000000000000000000005B
:10555000000000000000000000000000000000004B
:10556000000000000000000000000000000000003B
:10557000000000000000000000000000000000002B
:10558000000000000000000000000000000000001B
:10559000000000000000000000000000000000000B
:1055A00000000000000000000000000000000000FB
:1055B00000000000000000000000000000000000EB
:1055C00000000000000000000000000000000000DB
:1055D00000000000000000000000000000000000CB
:1055E00000000000000000000000000000000000BB
:1055F00000000000000000000000000000000000AB
:10560000000000000000000000000000000000009A
:10561000000000000000000000000000000000008A
:105620000000888000000000000000000000000072
:10563000000000000000000000000000000000006A
:10564000000000000000000000000000000000005A
:10565000000000000000000000000000000000004A
:10566000000000000000000000000000000088EEC4
:10567000EEEEEEEEEEEEC88000000000000000004E
:10568000000000000000000000000000000000001A
:10569000000000000000000000000000000000000A
:1056A00000000000000000000000000000000000FA
:1056B0000000000000000000000000008CEEEEEE94
:1056C000EEEEEEEEEEEEEEEEEC88000000000000F6
:1056D00000000000000000000000000000000000CA
:1056E00000000000000000000000000000000000BA
:1056F00000000000000000000000000000000000AA
:1057000000000000000000000000008CEEEEEEEE55
:10571000EEEEEEEEEEEEEEEEEEEEEEC80000000087
:105720000000000000000000000000000000000079
:105730000000000000000000000000000000000069
:105740000000000000000000000000000000000059
:105750000000000000000000000008CEEEEEEEEEBB
:10576000EEEEEEEEEEEEEEEEEEEEEEEEE800000029
:105770000000000000000000000000000000000029
:105780000000000000000000000000000000000019
:105790000000000000000000000000000000000009
:1057A0000000000000000000000008CEEEEEEEEE6B
:1057B000EEEEEEEEEEEEEEEEEEEEEEEEEEC800000B
:1057C00000000000000000000000000000000000D9
:1057D00000000000000000000000000000000000C9
:1057E00000000000000000000000000000000000B9
:1057F0000000000000000000000008CEEEEEEEEE1B
:10580000EEEEEEEEEEEEEEEEEEEEEEEEEEECC000D6
:105810000000000000000000000000000000000088
:105820000000000000000000000000000000000078
:105830000000000000000000000000000000000068
:1058400000000000000000000008CEEEEEEEEEEEDC
:10585000EEEEEEEEEEEEEEEEEEEEEEEEEEEECC0078
:105860000000000000000000000000000000000038
:105870000000000000000000000000000000000028
:105880000000000000000000000000000000000018
:10589000000000000000000008C88800008C888814
:1058A000088CCEEEEEEEEEEEEEEEEEEEEEEEECC0B0
:1058B00000000000000000000000000000000000E8
:1058C00000000000000000000000000000000000D8
:1058D00000000000000000000000000000000000C8
:1058E0000000000000000000000000880000000030
:1058F00000000000EEEEEEEEEEEEEEEEEEEEECC8A8
:105900000000000000000000000000000000000097
:105910000000000000000000000000000000000087
:10592000000000EEEEEEC8C88888CCE88888EE88D3
:10593000888CE8C800000000088CEEEEC008EEEE8F
:10594000C0000000008EEEEEEEEEEEEEEEEEECCCE1
:105950000000000000000000000000000000000047
:105960000000000000000000000000000000000037
:10597000EEEEEEE8CC0008C88808EEE0000EEEE09F
:105980000EEECEEEEEEEEEEE0ECEEEEE008EC88811
:10599000888000000008EEEEEEEEEEEEEEEEECCCCF
:1059A00000000000000000000000000000000000F7
:1059B00000000000000000000000000000000000E7
:1059C000EEEEE000C00000080808EEE080EEEEEE2B
:1059D000EEE0EEEEEEEEEEEEEE8EEEEE008080000D
:1059E0000000000000008CEEEEECEEEEEEEECCCC13
:1059F00000000000000000000000000000000000A7
:105A00000000000000000000000000000000000096
:105A10000EEEEEEEEEEEEEEEEE000000EEEEEEEE50
:105A2000EEEEEEEEEEEEEEEEE0EEECCE0CEEEC8018
:105A3000000000000000000008800000008CCCCCBA
:105A40000000000000000000000000000000000056
:105A50000000000000000008CEEEEEEEEE88000030
:105A600000EEEEEEEEEEEEEEEE8C080EEEEEEEEE6C
:105A7000EEEEEEEEEEEEEEEEE8EEEECC00ECCCCCA2
:105A8000888000008800EEC0000000000000008C4C
:105A90008000000000000000000000000000000086
:105AA00000000000000000EEEEEEEEEEEEEEEEC0C6
:105AB000000EEEEEEEEEEEEEE0000008EEEEEEEEA4
:105AC000EEEEEEEEEEEEEEEE0EEEEEEEE00EEEEEC4
:105AD000EEEEEEEEC00EEEE800000008888000005A
:105AE00000000000000000000000000000000000B6
:105AF0000000000000008EEEEEEEEEEEEEEEEEEEBA
:105B0000E80EEEEEEEEEEEEEEE0000000EEEEEEE45
:105B1000EEEEEEEEEEEEEEEE0EEEEEEEEEC000ECA3
:105B2000EEEEEEC008EEEEEC00000000888C8088FF
:105B30000000000000000000000000000000000065
:105B4000000000000008EEEEEEEEEEEEEEEEEEEE01
:105B5000EEEEEEEEEEEE0CEEEE88080000EEEEEE6F
:105B6000EEEEEEEEEEEEEEEE8EEEEEEEEEEECC00C5
:105B70000000088EEEEEEEEE0008000000088888B7
:105B80000000000000000000000000000000000015
:105B90000000000000CEEEEEEEEEEEEEEEECCEEE0D
:105BA000EEEEEE80EEEECCEEE8000808808C8CEC99
:105BB000EEEEEEEEEEEEEEEE8EEEEEEEEEEEEEEE65
:105BC000C800EEC88EEEEEEE88E88888800088C0B7
:105BD00000000000000000000000000000000000C5
:105BE0000000008EEEEEEECCE8EEEEEEEECEEEEE47
:105BF000EEEC88CE000088EC8E0888008800E80073
:105C0000CEEEEEEEEEEEEEEE0EEEEEEEECCCCC8068
:105C100088C8888000CE8C8C88EEEC008888CC0008
:105C20000000000000000000000000000000000074
:105C3000000EEEEEEEEEEC888088CCEEEEEEEEEEB0
:105C4000E8EEEEEEEC0000880008C008EE08800EDA
:105C5000EEEEEEEEEEECEEEE0CEEEEECC8880008AA
:105C600088888C88008880000008EEEECCCCC800C4
:105C70000000000000000000000000000000000024
:105C800008EEEEEEEEEEEEEE008000888CEEEEEE2C
:105C9000E0EEEEEEEE0E800000000008EC08800062
:105CA000EEEEEEEEEEEE8EEEE0EEEEEC8000008834
:105CB000888888000000000000080000888000003C
:105CC00000000000000000000000000000000000D4
:105CD00008EEEEEEEEEEEEEEEC88000000888CCEE4
:105CE000E88EEEEEEC8EE00088008008EE0000000A
:105CF000EEEEEEEEEEEE0EEEEE8EEEEC8000000836
:105D00008888888888000888000CCCC888880000AB
:105D10000000000000000000000000000000000083
:105D200008EEEEEEEEEEEEEEEEEEC88008880888A5
:105D3000CEECCCCCCEEE00EEE808EE8EEEE8008C99
:105D4000EEEEEEEEEEEEC0EEEE0EEECC888800004B
:105D500080E8088888888C800000CCEEECC80000C1
:105D60000000000000000000000000000000000033
:105D700008EEEEEEEEEEEEEEEEEEEEEEE8088C88DD
:105D800008888CCCCC80088EEEEEEEEEEEE8800833
:105D9000EEE888888EEEE88E8E80EC888CCCEEC89B
:105DA0008CEEEEEEE000888888000C8CCC80000041
:105DB00000000000000000000000000000000000E3
:105DC00008EEEEEEEEEEEEEEEEEEEEEEEEE888C073
:105DD0000EEE8ECCC00EEEEECEECEEEEEE88C000F7
:105DE0000008888800EEEE008CEACE88CEEEEEEE5B
:105DF000EC8888EEEEEE000000000CCC880000007D
:105E00000000000000000000000000000000000092
:105E100008EEEEE8EEEEEEEEEEEEEEEEEEEEEEC0BC
:105E2000EEEEEEEEEEEE80008CEEEEEEEEEEC0006C
:105E300000008EEE00EEEEEEEEEE0C8CEEEEEEEEF0
:105E4000EC888CCCECCE80000080CCCC80000000B4
:105E50000000000000000000000000000000000042
:105E600008EEEEEE808EEEEEEEEEEEEEEEEEEEEE06
:105E7000ECEEEEEEEEEEEEEEEEEEEEE0E80E0020F4
:105E800044000CEEEEEEEEEEEEEE00CEEEEEEEEEBA
:105E9000EC888888888CCCCCCCEECCCC0000000080
:105EA00000000000000000000000000000000000F2
:105EB00008EEEEEEEE008EEEEEEEEEEEEEEEEEEE36
:105EC000EEEEEEEEEEEEEEEEEEEEEEEEEEEEE000EE
:105ED0000000000EE00EEEEEEEEE00CCCEEEEEEEAA
:105EE000EEEEEEEE8888CEEEEEEC8880000000004C
:105EF00000000000000000000000000000000000A2
:105F000008EEEEEEEEEE008CEEEEEEEEEEEEEEEEE7
:105F1000EEEEEEEEEEECCCCEEEEEECCCEECEEE0017
:105F200000000000EEEEEEEEEEEE008800EEEEEE8B
:105F3000EEEEEEEEEEEEEEEEEC8888800000000075
:105F40000000000000000000000000000000000051
:105F500008EEEEEEEEEEEE00088CEEEEECCCEEEEA1
:105F6000EEEEEEEC88CCCCCCCCCCCCCCCCCCCC00FB
:105F700000000888CCCCCCCCCCCEE088800CEEEEF7
:105F8000EEEEEEEEEEEEEEEEC888C8000000000089
:105F90000000000000000000000000000000000001
:105FA00008EEEEEEEEEEEEE8000008CCCCCEEEEE23
:105FB000EEECEECC8C88CCCCCCCCCCCCCCCCCCC845
:105FC0008888CCCCCCCCCCCCCCCC00088000008851
:105FD000888CCEEEEEEEEEE8008C000000000000B3
:105FE00000000000000000000000000000000000B1
:105FF00008EEEEEEEEEEEEEC800000088CEEEEEE3B
:10600000E8EEEEEEEEC00CCCCCCCCCCCCCCCCCCCF8
:10601000CCCCCCCCCCCCCCCCCCC0CE008000000046
:106020000000088C8C8C800088800000000000003C
:106030000000000000000000000000000000000060
:10604000008CEEEEEEEEEEC888000000008CCEEE86
:1060500080EEEEEEEE8080CCCCCCCCCCCCCCCCCCDC
:10606000CCCCCCCCCCCCCCCCCCC0EE80880000004E
:1060700000000000000000008C0000000000000094
:106080000000000000000000000000000000000010
:106090000008888CCCCCCC8888880000000088CE92
:1060A000E0EEEEEEEC8EE08CCCCCCCCCCCCCCCCC00
:1060B000CCCCCCCCCCCCCCCCCC0EE800880000082E
:1060C0008888808888888088800000000000000020
:1060D00000000000000000000000000000000000C0
:1060E00000000088888888888880000000000008F8
:1060F000CECCEEECCCEC808CCCCCCCCCCCCCCCCC08
:10610000CCCCCCCCCCCCCCCCC008000888000000D7
:1061100008888888888888C0000000000000000087
:10612000000000000000000000000000000000006F
:106130000088800000088888800088888800000027
:10614000008CCC8CCC8808CCCCCCCCCCCCCCCCCCE3
:10615000CCCCCCCCCCCCCCC8008888888880000043
:106160000000088800888C00000000008880000083
:10617000000000000000000000000000000000001F
:10618000000CCC888800000000008888880000008F
:106190000000000088CCCCCCCCCCCCCCCCCCCCCCB3
:1061A000CCCCCCCCCCCCC800888888888880000037
:1061B00000000008888C800000000000088888002B
:1061C00000000000000000000000000000000000CF
:1061D00000008CCCCCC880000000088800000000C3
:1061E000000000000CCCCCCCCCCCCCCCCCCCCCCCDF
:1061F000CCCCCCCCCCC008888880000008800000C3
:10620000000000088CC8000000000000888000002A
:10621000000000000000000000000000000000007E
:106220000000CCCCC88CC8000000000000000000BA
:10623000000000000008CCCCCCCCCCCCCCCCCCCC5E
:10624000CCCCCCCC800888888888888808880000D6
:1062500000000088CC8000000000008800000000E2
:10626000000000000000000000000000000000002E
:10627000008CCC8CC888C800000000000000000022
:1062800000000008800880088CCCCCCCCCCCCCCCD6
:10629000CCCCC800088888008888888808880000D6
:1062A000000088CC8000000000088800000000008A
:1062B00000000000000000000000000000000000DE
:1062C00000CCCC88CC8C88000000000000000000CE
:1062D00000000888800880888888CCCCCCCCCCEEA4
:1062E000C80888888808888800088888808800000E
:1062F0000008888000000000008800000000000006
:10630000000000000000000000000000000000008D
:1063100000CC8C88C8C80800000000000000000005
:106320008888888880880888888808EEEEEEEEEEF7
:10633000008888888880888888000888808880000D
:1063400000000000000000008880088000000000BD
:10635000000000000000000000000000000000003D
:1063600000CCCC8CCC8800000000000000000008AD
:106370008888888008888888888880CE8EE000C0D9
:10638000088888888888808888880000800880003D
:106390000000000000000008000088880888888845
:1063A00088880000000000000000000000000000DD
:1063B000008888888880000000000000008008882D
:1063C00088880800808888888888880E88C8C8E0FF
:1063D000088888888888880088888880008888005D
:1063E00000000000008888888008888880088888E5
:1063F0008888888888800000000000000000000075
:1064000000080888800000000000000000888888DC
:1064100088880800008888888888880EEEEEEEC09C
:106420000088888888888888888888888880080084
:106430000000000088008800008888888000888824
:106440008808888888888880000000000000000094
:10645000000000000000000000000000000088882C
:106460008888000008888888888808EEEEEC8CEE22
:10647000E0008888888888888888888888880800D4
:106480000000008808888000888888888888888834
:1064900088008888888888888000000000000000C4
:1064A000000000000000000000000000000008885C
:1064B00088800000888888888888EEEEEEEEEEEE10
:1064C000EEE8080888888888888888888888000096
:1064D00000008808000008888888888888888808DC
:1064E00088800888888888888880000000000000EC
:1064F000000000000000000000000000088808887C
:10650000888000008800000CEC8CCEEEEEEEECCC27
:10651000CEC88EEEEEEEC80000888888888800809D
:10652000000880888088888888888888888888800B
:106530008888008888888888888880000000000013
:1065400000000000000000000000000008888888AB
:10655000800000008CCCCCEEECEEEEEEEEEEEEEE3B
:10656000EEEEEEEEEE8888888888888888888080BD
:1065700000880888888888888888888888888888A3
:10658000888800088888888888888800000000003B
:1065900000000000000000000000000080888888E3
:1065A000000000888888800000CE888088000080F5
:1065B000000000000888888888888888888888087B
:1065C0000880088888888888888888888888888853
:1065D00088880000888888888888880000000000F3
:1065E000000000000000000000000008888888808B
:1065F0000000088808800000000000008888888863
:10660000888088888888888888888888888888009A
:106610000E88888888888888888888888888888874
:106620008888000088888888888888800000000022
:1066300000000000000000000000088888888880B2
:10664000000088888888888000000088888888887A
:106650008888088888888888888888888888888042
:1066600008008888888888888888888888888888B2
:1066700088888800088888888888888000000000CA
:106680000000000000080000000888888888880052
:10669000000088888888888808888888888888880A
:1066A0008888808888888888888888888888888872
:1066B00000E0008888888888888888888888888812
:1066C00088888888088888888888888800000000EA
:1066D0000000000000000000088888888888880082
:1066E0000000888888888880888888888888888842
:1066F0008888808888888888888888888888888822
:1067000080800088888888888888888888888888A1
:1067100088888888808888888888888880000000A1
:106720000000000000000088888888888888800031
:1067300000088888888888888888888888888888E1
:1067400080080088888888888888888888888888D9
:1067500088000088888888888888888888888888C9
:106760008888888888888888888888888000000049
:1067700000000000000088888888888888800000E1
:106780000088888888888888888888888888888811
:106790008800008888888888888888888888888889
:1067A00088088888888888888888888888888888E9
:1067B00088888888888888888888888880000000F9
:1067C0000000000000888888888888088000000011
:1067D00000888888888888888888888888888888C1
:1067E00088008888888888888888888888888888B1
:1067F0008888888088888888888888888888888821
:1068000088888888888888888888888880000000A8
:1068100000000000888888008888000000000000D0
:106820000088888888888888888888888888888870
:1068300088888888888888888888888888888888D8
:106840008888888888888888888888888808808850
:106850000808888888888888888808880000000058
:106860000000000888880000000000000000000010
:1068700000000888880888888888888888888888A8
:106880008888888888888888888888888888888888
:106890008888888888888888888888888888888878
:1068A0008888888888888888888888888000000008
:1068B0000000000088000000000000000000000050
:1068C0000000000000000088888888888888888800
:1068D0008888888888888888888888888888888838
:1068E0008888888888888888888888888888888828
:1068F00088888888888888888880888888000000B8
:106900000000000080000000000000000000000007
:1069100000000000000000000000008888888888CF
:1069200088888888888888888888888888888888E7
:1069300088888888888888888888888888888888D7
:1069400088888888888888888888888888800000DF
:106950000000000000000000000000000000000037
:1069600008800008808888888000000000000008F7
:10697000800888888888888888888888888888881F
:106980008888888888888888888888888888888887
:106990008888888888888888888888888888000087
:1069A00000000000000000000000000000000000E7
:1069B00088880008888888888888888888000000F7
:1069C00000000000088088888888888888888888EF
:1069D0008888888888888888888888888888888837
:1069E0008888888888888888888888888888000037
:1069F0000000000000000000000000000000000097
:106A00008888888888888888888888888888888806
:106A1000888808888888088000088800888888888E
:106A200088888088888888888888888888888888EE
:106A300088888888888888888808888888888000E6
:106A40000000000000000000000000000000000046
:106A500000880088808888888888888888888888CE
:106A600088888888888888888888888888888888A6
:106A70008888808888880088888888888888888826
:106A8000888888888888888888088888888888008E
:106A900000800088000000000000000000000000EE
:106AA000000000000088888888888888888888880E
:106AB0008888888888888888888888888888888856
:106AC000888888888088888888888888888880805E
:106AD00000888888888888888000088888888888CE
:106AE0000000088008000080000000000000000096
:106AF0000000000000088888888088888888888846
:106B00008888888888888888888888888888888805
:106B1000888808888088888888888888888888887D
:106B20008888880000000000808888888888888895
:106B30000000880880000888800000000000000035
:106B400000000000000000088888888888888888FD
:106B500088888888888888888888888888888888B5
:106B60008880888800888888888888888888888835
:106B70008888888888888880008888888888888825
:106B80000088000000000888880000000000000065
:106B90000000000000000000008888888008088845
:106BA0008888888888888888888888888888888865
:106BB0008000888000888888888888888888888875
:106BC000888888888888888880888888888888884D
:106BD000008000000000888888800000000000001D
:106BE0000000000000000000000008888888088875
:106BF0008888888888888888888888888888888815
:106C0000880088000088888888888888888888889C
:106C100088888888888888888888888888888888F4
:106C200000000000008888800880008000000000CC
:106C30000000000000000000000000000088008844
:106C400088888888888888888888888888888888C4
:106C500000088000088888888888888888888888CC
:106C60008888888888888888088888888888888824
:106C70000088000088888808888888888888088034
:106C800008000000000000000000000000000000FC
:106C90000080888888888888888888888888888804
:106CA000008800000888888888888888888888887C
:106CB00088888888888888880888888888888888D4
:106CC00000800008888888888888888888888888DC
:106CD000888800080000000000000000000000009C
:106CE000000000000000000888888888888888885C
:106CF00000880008888888888888888888888888A4
:106D0000888888888888888000888888808888889B
:106D10000000008888888800888888888888888813
:106D20008880088000888880888888888888888803
:106D30008888880000000000000000000888888023
:106D40000880000088800000000000000000088823
:106D50008888888888888880008888800888EEEEFF
:106D600000000888888880088888888888888888BB
:106D700088000000000080888008888888888888CB
:106D800088888888888888888888000000000800AB
:106D900000000880000888C888C88CCEEEEEE8881D
:106DA0000080088888888800080000000CECEEEE5F
:106DB000000008888880088888888888888888886B
:106DC000880000000000000000000808888888880B
:106DD0008888888888888888888888888008088C37
:106DE000CEEEEECEEEEEEEEEEEEEEEEEEEEEEC886B
:106DF00088E00000088800000000000000EEEEEED1
:106E0000000088888800880888888888888888881A
:106E100000000000000000000888888888888888B2
:106E20008888888888888888888888880E8888CC18
:106E3000EEEEEEEEEEEEEEEEEEEEEEEEEEEEEECC94
:106E4000EEC088888888000000000008800EEECE22
:106E50000008888880088008888888880000088062
:106E600088EE8CEEEEEEEEEEECCCCEEEEEEEEEEE4E
:106E70008088888888888888888888880CEEEEC80A
:106E8000CCEEEEEEEEEEEEECCCECECEEEEEEECCC90
:106E9000EE00888888888000000888880008ECCC8C
:106EA000000888880088000888888888EEEEEEEE62
:106EB000EEEEEEEEEEEEEEEEEEEEEEEEEEEEEEEEF2
:106EC00008888888888888888888888880EEEEEE98
:106ED000EEEEEEEEEEEEECCCCCCCCCEEEEEEECCC80
:106EE000EE00888888880000088A88A88880EEC814
:106EF000008880000000000000008EEEEEEEEEEE56
:106F0000EEEE8CEEEEEEEEEEEEEEEEEEEEEEEEE809
:106F1000088888888888888888888888888EEEEE9F
:106F2000EEEEEEEEEEEECCCCCCCCCCCCEEECCCCC93
:106F3000EE088888888000000008EC888800ECC88B
:106F4000008888888880000080000EEEEEEEEEEE6D
:106F5000EEEEECEEEEEEEEEEEEEEEEEEEEEEEEE061
:106F6000888888888888888888888888880EEECE6F
:106F7000EEEEEECCCCCCCEECCEECCCCCEEEC8CCCA5
:106F8000EE08888888800000000888888800ECCC9B
:106F90000080880888888888888888EEEEEEEEEE83
:106FA000EEEEEEEEEEEEEEEEEEEEEEEEEEEEEEE00F
:106FB000088888888888888888888888800CECCCAD
:106FC000CCECCCCCCCCCCCCCCCCCCCCCCCCCCCCCE1
:106FD000EE08888888000000088888008800ECEEA9
:106FE0000088888888888088888880EEEEEEEEEEBB
:106FF000EEEECEEEECCEEEEEEEEEEEEEEEEEEEC021
:10700000000000000888888008888888880CECCCFC
:10701000CCCCCCCCCCCCCCCCCCCCCCCCCCCCCCCCB0
:10702000EE00888800000000000000000008EEEE7E
:1070300000888888888000888888808EEEEEEEEC54
:10704000CCCCCCCCCCCCCEEEEEEEEEEEEEEEEEC07A
:10705000000000000000000888888888880CEEEC9A
:10706000CCCCCCCCCCCCCCCCCCCCCCCCCCCCCCCC60
:10707000EE0088800000000000000000000EEEEE30
:107080000000000000000000000000000000000000
:1070900000000000000000000000000000000000F0
:1070A00000000000000000000000000000000000E0
:1070B00000000000000000000000000000000000D0
:1070C00000000000000000000000000000000000C0
:1070D00000000000000000000000000000000000B0
:1070E00000000000000000000000000000000000A0
:1070F0000000000000000000000000000000000090
:10710000000000000000000000000000000000007F
:10711000000000000000000000000000000000006F
:10712000000000000000000000000000000000005F
:10713000000000000000000000000000000000004F
:10714000000000000000000000000000000000003F
:10715000000000000000000000000000000000002F
:10716000000000000000000000000000000000001F
:10717000000000000000000000000000000000000F
:1071800000000000000000000000000000000000FF
:1071900000000000000000000000000000000000EF
:1071A00000000000000000000000000000000000DF
:1071B00000000000000000000000000000000000CF
:1071C00000000000000000000000000000000000BF
:1071D00000000000000000000000000000000000AF
:1071E000000000000000000000000000000000009F
:1071F000000000000000000000000000000000008F
:10720000000000000000000000000000000000007E
:10721000000000000000000000000000000000006E
:10722000000000000000000000000000000000005E
:10723000000000000000000000000000000000004E
:10724000000000000000000000000000000000003E
:10725000000000000000000000000000000000002E
:10726000000000000000000000000000000000001E
:10727000000000000000000000000000000000000E
:1072800000000000000000000000000000000000FE
:1072900000000000000000000000000000000000EE
:1072A00000000000000000000000000000000000DE
:1072B00000000000000000000000000000000000CE
:1072C00000000000000000000000000000000000BE
:1072D00000000000000000000000000000000000AE
:1072E000000000000000000000000000000000009E
:1072F000000000000000000000000000000000008E
:10730000000000000000000000000000000000007D
:10731000000000000000000000000000000000006D
:10732000000000000000000000000000000000005D
:10733000000000000000000000000000000000004D
:10734000000000000000000000000000000000003D
:10735000000000000000000000000000000000002D
:10736000000000000000000000000000000000001D
:10737000000000000000000000000000000000000D
:1073800000000000000000000000000000000000FD
:1073900000000000000000000000000000000000ED
:1073A00000000000000000000000000000000000DD
:1073B00000000000000000000000000000000000CD
:1073C00000000000000000000000000000000000BD
:1073D00000000000000000000000000000000000AD
:1073E000000000000000000000000000000000009D
:1073F000000000000000000000000000000000008D
:10740000000000000000000000000000000000007C
:10741000000000000000000000000000000000006C
:10742000000000000000000000000000000000005C
:10743000000000000000000000000000000000004C
:10744000000000000000000000000000000000003C
:10745000000000000000000000000000000000002C
:10746000000000000000000000000000000000001C
:10747000000000000000000000000000000000000C
:1074800000000000000000000000000000000000FC
:1074900000000000000000000000000000000000EC
:1074A00000000000000000000000000000000000DC
:1074B00000000000000000000000000000000000CC
:1074C00000000000000000000000000000000000BC
:1074D00000000000000000000000000000000000AC
:1074E000000000000000000000000000000000009C
:1074F000000000000000000000000000000000008C
:10750000000000000000000000000000000000007B
:10751000000000000000000000000000000000006B
:10752000000000000000000000000000000000005B
:10753000000000000000000000000000000000004B
:10754000000000000000000000000000000000003B
:10755000000000000000000000000000000000002B
:10756000000000000000000000000000000000001B
:10757000000000000000000000000000000000000B
:1075800000000000000000000000000000000000FB
:1075900000000000000000000000000000000000EB
:1075A00000000000000000000000000000000000DB
:1075B00000000000000000000000000000000000CB
:1075C00000000000000000000000000000000000BB
:1075D00000000000000000000000000000000000AB
:1075E000000000000000000000000000000000009B
:1075F000000000000000000000000000000000008B
:10760000000000000000000000000000000000007A
:10761000000000000000000000000000000000006A
:10762000000000000000000000000000000000005A
:10763000000000000000000000000000000000004A
:10764000000000000000000000000000000000003A
:10765000000000000000000000000000000000002A
:10766000000000000000000000000000000000001A
:10767000000000000000000000000000000000000A
:1076800000000000000000000000000000000000FA
:1076900000000000000000000000000000000000EA
:1076A00000000000000000000000000000000000DA
:1076B00000000000000000000000000000000000CA
:1076C00000000000000000000000000000000000BA
:1076D00000000000000000000000000000000000AA
:1076E000000000000000000000000000000000009A
:1076F000000000000000000000000000000000008A
:107700000000000000000000000000000000000079
:107710000000000000000000000000000000000069
:107720000000000000000000000000000000000059
:107730000000000000000000000000000000000049
:107740000000000000000000000000000000000039
:107750000000000000000000000000000000000029
:107760000000000000000000000000000000000019
:107770000000000000000000000000000000000009
:1077800000000000000000000000000000000000F9
:1077900000000000000000000000000000000000E9
:1077A00000000000000000000000000000000000D9
:1077B00000000000000000000000000000000000C9
:1077C00000000000000000000000000000000000B9
:1077D00000000000000000000000000000000000A9
:1077E0000000000000000000000000000000000099
:1077F0000000000000000000000000000000000089
:107800000000000000000000000000000000000078
:107810000000000000000000000000000000000068
:107820000000000000000000000000000000000058
:107830000000000000000000000000000000000048
:107840000000000000000000000000000000000038
:107850000000000000000000000000000000000028
:107860000000000000000000000000000000000018
:107870000000000000000000000000000000000008
:1078800000000000000000000000000000000000F8
:1078900000000000000000000000000000000000E8
:1078A00000000000000000000000000000000000D8
:1078B00000000000000000000000000000000000C8
:1078C00000000000000000000000000000000000B8
:1078D00000000000000000000000000000000000A8
:1078E0000000000000000000000000000000000098
:1078F0000000000000000000000000000000000088
:107900000000000000000000000000000000000077
:107910000000000000000000000000000000000067
:107920000000000000000000000000000000000057
:107930000000000000000000000000000000000047
:107940000000000000000000000000000000000037
:107950000000000000000000000000000000000027
:107960000000000000000000000000000000000017
:107970000000000000000000000000000000000007
:1079800000000000000000000000000000000000F7
:1079900000000000000000000000000000000000E7
:1079A00000000000000000000000000000000000D7
:1079B00000000000000000000000000000000000C7
:1079C00000000000000000000000000000000000B7
:1079D00000000000000000000000000000000000A7
:1079E0000000000000000000000000000000000097
:1079F0000000000000000000000000000000000087
:107A00000000000000000000000000000000000076
:107A10000000000000000000000000000000000066
:107A20000000000000000000000000000000000056
:107A30000000000000000000000000000000000046
:107A40000000000000000000000000000000000036
:107A50000000000000000000000000000000000026
:107A60000000000000000000000000000000000016
:107A70000000000000000000000000000000000006
:107A800000000000000000000000000000000000F6
:107A900000000000000000000000000000000000E6
:107AA00000000000000000000000000000000000D6
:107AB00000000000000000000000000000000000C6
:107AC00000000000000000000000000000000000B6
:107AD00000000000000000000000000000000000A6
:107AE0000000000000000000000000000000000096
:107AF0000000000000000000000000000000000086
:107B00000000000000000000000000000000000075
:107B10000000000000000000000000000000000065
:107B20000000000000000000000000000000000055
:107B30000000000000000000000000000000000045
:107B40000000000000000000000000000000000035
:107B50000000000000000000000000000000000025
:107B60000000000000000000000000000000000015
:107B70000000000000000000000000000000000005
:107B800000000000000000000000000000000000F5
:107B900000000000000000000000000000000000E5
:107BA00000008880000000000000000000000000CD
:107BB00000000000000000000000000000000000C5
:107BC00000000000000000000000000000000000B5
:107BD00000000000000000000000000000000000A5
:107BE000000000000000000000000000000088EE1F
:107BF000EEEEEEEEEEEEC8800000000000000000A9
:107C00000000000000000000000000000000000074
:107C10000000000000000000000000000000000064
:107C20000000000000000000000000000000000054
:107C30000000000000000000000000008CEEEEEEEE
:107C4000EEEEEEEEEEEEEEEEEC8800000000000050
:107C50000000000000000000000000000000000024
:107C60000000000000000000000000000000000014
:107C70000000000000000000000000000000000004
:107C800000000000000000000000008CEEEEEEEEB0
:107C9000EEEEEEEEEEEEEEEEEEEEEEC800000000E2
:107CA00000000000000000000000000000000000D4
:107CB00000000000000000000000000000000000C4
:107CC00000000000000000000000000000000000B4
:107CD0000000000000000000000008CEEEEEEEEE16
:107CE000EEEEEEEEEEEEEEEEEEEEEEEEE800000084
:107CF0000000000000000000000000000000000084
:107D00000000000000000000000000000000000073
:107D10000000000000000000000000000000000063
:107D20000000000000000000000008CEEEEEEEEEC5
:107D3000EEEEEEEEEEEEEEEEEEEEEEEEEEC8000065
:107D40000000000000000000000000000000000033
:107D50000000000000000000000000000000000023
:107D60000000000000000000000000000000000013
:107D70000000000000000000000008CEEEEEEEEE75
:107D8000EEEEEEEEEEEEEEEEEEEEEEEEEEECC00031
:107D900000000000000000000000000000000000E3
:107DA00000000000000000000000000000000000D3
:107DB00000000000000000000000000000000000C3
:107DC00000000000000000000008CEEEEEEEEEEE37
:107DD000EEEEEEEEEEEEEEEEEEEEEEEEEEEECC00D3
:107DE0000000000000000000000000000000000093
:107DF0000000000000000000000000000000000083
:107E00000000000000000000000000000000000072
:107E1000000000000000000008C88800008C88886E
:107E2000088CCEEEEEEEEEEEEEEEEEEEEEEEECC00A
:107E30000000000000000000000000000000000042
:107E40000000000000000000000000000000000032
:107E50000000000000000000000000000000000022
:107E6000000000000000000000000088000000008A
:107E700000000000EEEEEEEEEEEEEEEEEEEEECC802
:107E800000000000000000000000000000000000F2
:107E900000000000000000000000000000000000E2
:107EA000000000EEEEEEC8C88888CCE88888EE882E
:107EB000888CE8C800000000088CEEEEC008EEEEEA
:107EC000C0000000008EEEEEEEEEEEEEEEEEECCC3C
:107ED00000000000000000000000000000000000A2
:107EE0000000000000000000000000000000000092
:107EF000EEEEEEE8CC0008C88808EEE0000EEEE0FA
:107F00000EEECEEEEEEEEEEE0ECEEEEE008EC8886B
:107F1000888000000008EEEEEEEEEEEEEEEEECCC29
:107F20000000000000000000000000000000000051
:107F30000000000000000000000000000000000041
:107F4000EEEEE000C00000080808EEE080EEEEEE85
:107F5000EEE0EEEEEEEEEEEEEE8EEEEE0080800067
:107F60000000000000008CEEEEECEEEEEEEECCCC6D
:107F70000000000000000000000000000000000001
:107F800000000000000000000000000000000000F1
:107F90000EEEEEEEEEEEEEEEEE000000EEEEEEEEAB
:107FA000EEEEEEEEEEEEEEEEE0EEECCE0CEEEC8073
:107FB000000000000000000008800000008CCCCC15
:107FC00000000000000000000000000000000000B1
:107FD0000000000000000008CEEEEEEEEE8800008B
:107FE00000EEEEEEEEEEEEEEEE8C080EEEEEEEEEC7
:107FF000EEEEEEEEEEEEEEEEE8EEEECC00ECCCCCFD
:10800000888000008800EEC0000000000000008CA6
:1080100080000000000000000000000000000000E0
:1080200000000000000000EEEEEEEEEEEEEEEEC020
:10803000000EEEEEEEEEEEEEE0000008EEEEEEEEFE
:10804000EEEEEEEEEEEEEEEE0EEEEEEEE00EEEEE1E
:10805000EEEEEEEEC00EEEE80000000888800000B4
:108060000000000000000000000000000000000010
:108070000000000000008EEEEEEEEEEEEEEEEEEE14
:10808000E80EEEEEEEEEEEEEEE0000000EEEEEEEA0
:10809000EEEEEEEEEEEEEEEE0EEEEEEEEEC000ECFE
:1080A000EEEEEEC008EEEEEC00000000888C80885A
:1080B00000000000000000000000000000000000C0
:1080C000000000000008EEEEEEEEEEEEEEEEEEEE5C
:1080D000EEEEEEEEEEEE0CEEEE88080000EEEEEECA
:1080E000EEEEEEEEEEEEEEEE8EEEEEEEEEEECC0020
:1080F0000000088EEEEEEEEE000800000008888812
:10810000000000000000000000000000000000006F
:108110000000000000CEEEEEEEEEEEEEEEECCEEE67
:10812000EEEEEE80EEEECCEEE8000808808C8CECF3
:10813000EEEEEEEEEEEEEEEE8EEEEEEEEEEEEEEEBF
:10814000C800EEC88EEEEEEE88E88888800088C011
:10815000000000000000000000000000000000001F
:108160000000008EEEEEEECCE8EEEEEEEECEEEEEA1
:10817000EEEC88CE000088EC8E0888008800E800CD
:10818000CEEEEEEEEEEEEEEE0EEEEEEEECCCCC80C3
:1081900088C8888000CE8C8C88EEEC008888CC0063
:1081A00000000000000000000000000000000000CF
:1081B000000EEEEEEEEEEC888088CCEEEEEEEEEE0B
:1081C000E8EEEEEEEC0000880008C008EE08800E35
:1081D000EEEEEEEEEEECEEEE0CEEEEECC888000805
:1081E00088888C88008880000008EEEECCCCC8001F
:1081F000000000000000000000000000000000007F
:1082000008EEEEEEEEEEEEEE008000888CEEEEEE86
:10821000E0EEEEEEEE0E800000000008EC088000BC
:10822000EEEEEEEEEEEE8EEEE0EEEEEC800000888E
:108230008888880000000000000800008880000096
:10824000000000000000000000000000000000002E
:1082500008EEEEEEEEEEEEEEEC88000000888CCE3E
:10826000E88EEEEEEC8EE00088008008EE00000064
:10827000EEEEEEEEEEEE0EEEEE8EEEEC8000000890
:108280008888888888000888000CCCC88888000006
:1082900000000000000000000000000000000000DE
:1082A00008EEEEEEEEEEEEEEEEEEC8800888088800
:1082B000CEECCCCCCEEE00EEE808EE8EEEE8008CF4
:1082C000EEEEEEEEEEEEC0EEEE0EEECC88880000A6
:1082D00080E8088888888C800000CCEEECC800001C
:1082E000000000000000000000000000000000008E
:1082F00008EEEEEEEEEEEEEEEEEEEEEEE8088C8838
:1083000008888CCCCC80088EEEEEEEEEEEE880088D
:10831000EEE888888EEEE88E8E80EC888CCCEEC8F5
:108320008CEEEEEEE000888888000C8CCC8000009B
:10833000000000000000000000000000000000003D
:1083400008EEEEEEEEEEEEEEEEEEEEEEEEE888C0CD
:108350000EEE8ECCC00EEEEECEECEEEEEE88C00051
:108360000008888800EEEE008CEACE88CEEEEEEEB5
:10837000EC8888EEEEEE000000000CCC88000000D7
:1083800000000000000000000000000000000000ED
:1083900008EEEEE8EEEEEEEEEEEEEEEEEEEEEEC017
:1083A000EEEEEEEEEEEE80008CEEEEEEEEEEC000C7
:1083B00000008EEE00EEEEEEEEEE0C8CEEEEEEEE4B
:1083C000EC888CCCECCE80000080CCCC800000000F
:1083D000000000000000000000000000000000009D
:1083E00008EEEEEE808EEEEEEEEEEEEEEEEEEEEE61
:1083F000ECEEEEEEEEEEEEEEEEEEEEE0E80E00204F
:1084000044000CEEEEEEEEEEEEEE00CEEEEEEEEE14
:10841000EC888888888CCCCCCCEECCCC00000000DA
:10842000000000000000000000000000000000004C
:1084300008EEEEEEEE008EEEEEEEEEEEEEEEEEEE90
:10844000EEEEEEEEEEEEEEEEEEEEEEEEEEEEE00048
:108450000000000EE00EEEEEEEEE00CCCEEEEEEE04
:10846000EEEEEEEE8888CEEEEEEC888000000000A6
:1084700000000000000000000000000000000000FC
:1084800008EEEEEEEEEE008CEEEEEEEEEEEEEEEE42
:10849000EEEEEEEEEEECCCCEEEEEECCCEECEEE0072
:1084A00000000000EEEEEEEEEEEE008800EEEEEEE6
:1084B000EEEEEEEEEEEEEEEEEC88888000000000D0
:1084C00000000000000000000000000000000000AC
:1084D00008EEEEEEEEEEEE00088CEEEEECCCEEEEFC
:1084E000EEEEEEEC88CCCCCCCCCCCCCCCCCCCC0056
:1084F00000000888CCCCCCCCCCCEE088800CEEEE52
:10850000EEEEEEEEEEEEEEEEC888C80000000000E3
:10851000000000000000000000000000000000005B
:1085200008EEEEEEEEEEEEE8000008CCCCCEEEEE7D
:10853000EEECEECC8C88CCCCCCCCCCCCCCCCCCC89F
:108540008888CCCCCCCCCCCCCCCC000880000088AB
:10855000888CCEEEEEEEEEE8008C0000000000000D
:10856000000000000000000000000000000000000B
:1085700008EEEEEEEEEEEEEC800000088CEEEEEE95
:10858000E8EEEEEEEEC00CCCCCCCCCCCCCCCCCCC53
:10859000CCCCCCCCCCCCCCCCCCC0CE0080000000A1
:1085A0000000088C8C8C8000888000000000000097
:1085B00000000000000000000000000000000000BB
:1085C000008CEEEEEEEEEEC888000000008CCEEEE1
:1085D00080EEEEEEEE8080CCCCCCCCCCCCCCCCCC37
:1085E000CCCCCCCCCCCCCCCCCCC0EE8088000000A9
:1085F00000000000000000008C00000000000000EF
:10860000000000000000000000000000000000006A
:108610000008888CCCCCCC8888880000000088CEEC
:10862000E0EEEEEEEC8EE08CCCCCCCCCCCCCCCCC5A
:10863000CCCCCCCCCCCCCCCCCC0EE8008800000888
:10864000888880888888808880000000000000007A
:10865000000000000000000000000000000000001A
:108660000000008888888888888000000000000852
:10867000CECCEEECCCEC808CCCCCCCCCCCCCCCCC62
:10868000CCCCCCCCCCCCCCCCC00800088800000032
:1086900008888888888888C00000000000000000E2
:1086A00000000000000000000000000000000000CA
:1086B0000088800000088888800088888800000082
:1086C000008CCC8CCC8808CCCCCCCCCCCCCCCCCC3E
:1086D000CCCCCCCCCCCCCCC800888888888000009E
:1086E0000000088800888C000000000088800000DE
:1086F000000000000000000000000000000000007A
:10870000000CCC88880000000000888888000000E9
:108710000000000088CCCCCCCCCCCCCCCCCCCCCC0D
:10872000CCCCCCCCCCCCC800888888888880000091
:1087300000000008888C8000000000000888880085
:108740000000000000000000000000000000000029
:1087500000008CCCCCC8800000000888000000001D
:10876000000000000CCCCCCCCCCCCCCCCCCCCCCC39
:10877000CCCCCCCCCCC0088888800000088000001D
:10878000000000088CC80000000000008880000085
:1087900000000000000000000000000000000000D9
:1087A0000000CCCCC88CC800000000000000000015
:1087B000000000000008CCCCCCCCCCCCCCCCCCCCB9
:1087C000CCCCCCCC80088888888888880888000031
:1087D00000000088CC80000000000088000000003D
:1087E0000000000000000000000000000000000089
:1087F000008CCC8CC888C80000000000000000007D
:1088000000000008800880088CCCCCCCCCCCCCCC30
:10881000CCCCC80008888800888888880888000030
:10882000000088CC800000000008880000000000E4
:108830000000000000000000000000000000000038
:1088400000CCCC88CC8C8800000000000000000028
:1088500000000888800880888888CCCCCCCCCCEEFE
:10886000C808888888088888000888888088000068
:108870000008888000000000008800000000000060
:1088800000000000000000000000000000000000E8
:1088900000CC8C88C8C80800000000000000000060
:1088A0008888888880880888888808EEEEEEEEEE52
:1088B0000088888888808888880008888088800068
:1088C0000000000000000000888008800000000018
:1088D0000000000000000000000000000000000098
:1088E00000CCCC8CCC880000000000000000000808
:1088F0008888888008888888888880CE8EE000C034
:108900000888888888888088888800008008800097
:10891000000000000000000800008888088888889F
:108920008888000000000000000000000000000037
:108930000088888888800000000000000080088887
:1089400088880800808888888888880E88C8C8E059
:1089500008888888888888008888888000888800B7
:10896000000000000088888880088888800888883F
:1089700088888888888000000000000000000000CF
:108980000008088880000000000000000088888837
:1089900088880800008888888888880EEEEEEEC0F7
:1089A00000888888888888888888888888800800DF
:1089B000000000008800880000888888800088887F
:1089C00088088888888888800000000000000000EF
:1089D0000000000000000000000000000000888887
:1089E0008888000008888888888808EEEEEC8CEE7D
:1089F000E00088888888888888888888888808002F
:108A0000000000880888800088888888888888888E
:108A1000880088888888888880000000000000001E
:108A200000000000000000000000000000000888B6
:108A300088800000888888888888EEEEEEEEEEEE6A
:108A4000EEE80808888888888888888888880000F0
:108A50000000880800000888888888888888880836
:108A60008880088888888888888000000000000046
:108A700000000000000000000000000008880888D6
:108A8000888000008800000CEC8CCEEEEEEEECCC82
:108A9000CEC88EEEEEEEC8000088888888880080F8
:108AA0000008808880888888888888888888888066
:108AB000888800888888888888888000000000006E
:108AC0000000000000000000000000000888888806
:108AD000800000008CCCCCEEECEEEEEEEEEEEEEE96
:108AE000EEEEEEEEEE888888888888888888808018
:108AF00000880888888888888888888888888888FE
:108B00008888000888888888888888000000000095
:108B1000000000000000000000000000808888883D
:108B2000000000888888800000CE8880880000804F
:108B300000000000088888888888888888888808D5
:108B400008800888888888888888888888888888AD
:108B5000888800008888888888888800000000004D
:108B600000000000000000000000000888888880E5
:108B700000000888088000000000000088888888BD
:108B800088808888888888888888888888888800F5
:108B90000E888888888888888888888888888888CF
:108BA000888800008888888888888880000000007D
:108BB000000000000000000000000888888888800D
:108BC00000008888888888800000008888888888D5
:108BD000888808888888888888888888888888809D
:108BE000080088888888888888888888888888880D
:108BF0008888880008888888888888800000000025
:108C000000000000000800000008888888888800AC
:108C10000000888888888888088888888888888864
:108C200088888088888888888888888888888888CC
:108C300000E000888888888888888888888888886C
:108C40008888888808888888888888880000000044
:108C500000000000000000000888888888888800DC
:108C6000000088888888888088888888888888889C
:108C7000888880888888888888888888888888887C
:108C800080800088888888888888888888888888FC
:108C900088888888808888888888888880000000FC
:108CA000000000000000008888888888888880008C
:108CB000000888888888888888888888888888883C
:108CC0008008008888888888888888888888888834
:108CD0008800008888888888888888888888888824
:108CE00088888888888888888888888880000000A4
:108CF000000000000000888888888888888000003C
:108D0000008888888888888888888888888888886B
:108D100088000088888888888888888888888888E3
:108D20008808888888888888888888888888888843
:108D30008888888888888888888888888000000053
:108D4000000000000088888888888808800000006B
:108D5000008888888888888888888888888888881B
:108D6000880088888888888888888888888888880B
:108D7000888888808888888888888888888888887B
:108D80008888888888888888888888888000000003
:108D9000000000008888880088880000000000002B
:108DA00000888888888888888888888888888888CB
:108DB0008888888888888888888888888888888833
:108DC00088888888888888888888888888088088AB
:108DD00008088888888888888888088800000000B3
:108DE000000000088888000000000000000000006B
:108DF0000000088888088888888888888888888803
:108E000088888888888888888888888888888888E2
:108E100088888888888888888888888888888888D2
:108E20008888888888888888888888888000000062
:108E300000000000880000000000000000000000AA
:108E4000000000000000008888888888888888885A
:108E50008888888888888888888888888888888892
:108E60008888888888888888888888888888888882
:108E70008888888888888888888088888800000012
:108E80000000000080000000000000000000000062
:108E9000000000000000000000000088888888882A
:108EA0008888888888888888888888888888888842
:108EB0008888888888888888888888888888888832
:108EC000888888888888888888888888888000003A
:108ED0000000000000000000000000000000000092
:108EE0000880000880888888800000000000000852
:108EF000800888888888888888888888888888887A
:108F000088888888888888888888888888888888E1
:108F100088888888888888888888888888880000E1
:108F20000000000000000000000000000000000041
:108F30008888000888888888888888888800000051
:108F40000000000008808888888888888888888849
:108F50008888888888888888888888888888888891
:108F60008888888888888888888888888888000091
:108F700000000000000000000000000000000000F1
:108F80008888888888888888888888888888888861
:108F900088880888888808800008880088888888E9
:108FA0008888808888888888888888888888888849
:108FB0008888888888888888880888888888800041
:108FC00000000000000000000000000000000000A1
:108FD0000088008880888888888888888888888829
:108FE0008888888888888888888888888888888801
:108FF0008888808888880088888888888888888881
:1090000088888888888888888808888888888800E8
:109010000080008800000000000000000000000048
:109020000000000000888888888888888888888868
:1090300088888888888888888888888888888888B0
:1090400088888888808888888888888888888080B8
:109050000088888888888888800008888888888828
:1090600000000880080000800000000000000000F0
:1090700000000000000888888880888888888888A0
:109080008888888888888888888888888888888860
:1090900088880888808888888888888888888888D8
:1090A00088888800000000008088888888888888F0
:1090B0000000880880000888800000000000000090
:1090C0000000000000000008888888888888888858
:1090D0008888888888888888888888888888888810
:1090E0008880888800888888888888888888888890
:1090F0008888888888888880008888888888888880
:1091000000880000000008888800000000000000BF
:10911000000000000000000000888888800808889F
:1091200088888888888888888888888888888888BF
:1091300080008880008888888888888888888888CF
:1091400088888888888888888088888888888888A7
:109150000080000000008888888000000000000077
:1091600000000000000000000000088888880888CF
:10917000888888888888888888888888888888886F
:1091800088008800008888888888888888888888F7
:10919000888888888888888888888888888888884F
:1091A0000000000000888880088000800000000027
:1091B000000000000000000000000000008800889F
:1091C000888888888888888888888888888888881F
:1091D0000008800008888888888888888888888827
:1091E000888888888888888808888888888888887F
:1091F000008800008888880888888888888808808F
:109200000800000000000000000000000000000056
:10921000008088888888888888888888888888885E
:1092200000880000088888888888888888888888D6
:10923000888888888888888808888888888888882E
:109240000080000888888888888888888888888836
:1092500088880008000000000000000000000000F6
:1092600000000000000000088888888888888888B6
:1092700000880008888888888888888888888888FE
:1092800088888888888888800088888880888888F6
:10929000000000888888880088888888888888886E
:1092A000888008800088888088888888888888885E
:1092B000888888000000000000000000088888807E
:1092C000088000008880000000000000000008887E
:1092D0008888888888888880008888800888EEEE5A
:1092E0000000088888888008888888888888888816
:1092F0008800000000008088800888888888888826
:109300008888888888888888888800000000080005
:1093100000000880000888C888C88CCEEEEEE88877
:109320000080088888888800080000000CECEEEEB9
:1093300000000888888008888888888888888888C5
:109340008800000000000000000008088888888865
:109350008888888888888888888888888008088C91
:10936000CEEEEECEEEEEEEEEEEEEEEEEEEEEEC88C5
:1093700088E00000088800000000000000EEEEEE2B
:109380000000888888008808888888888888888875
:10939000000000000000000008888888888888880D
:1093A0008888888888888888888888880E8888CC73
:1093B000EEEEEEEEEEEEEEEEEEEEEEEEEEEEEECCEF
:1093C000EEC088888888000000000008800EEECE7D
:1093D00000088888800880088888888800000880BD
:1093E00088EE8CEEEEEEEEEEECCCCEEEEEEEEEEEA9
:1093F0008088888888888888888888880CEEEEC865
:10940000CCEEEEEEEEEEEEECCCECECEEEEEEECCCEA
:10941000EE00888888888000000888880008ECCCE6
:10942000000888880088000888888888EEEEEEEEBC
:10943000EEEEEEEEEEEEEEEEEEEEEEEEEEEEEEEE4C
:1094400008888888888888888888888880EEEEEEF2
:10945000EEEEEEEEEEEEECCCCCCCCCEEEEEEECCCDA
:10946000EE00888888880000088A88A88880EEC86E
:10947000008880000000000000008EEEEEEEEEEEB0
:10948000EEEE8CEEEEEEEEEEEEEEEEEEEEEEEEE864
:10949000088888888888888888888888888EEEEEFA
:1094A000EEEEEEEEEEEECCCCCCCCCCCCEEECCCCCEE
:1094B000EE088888888000000008EC888800ECC8E6
:1094C000008888888880000080000EEEEEEEEEEEC8
:1094D000EEEEECEEEEEEEEEEEEEEEEEEEEEEEEE0BC
:1094E000888888888888888888888888880EEECECA
:1094F000EEEEEECCCCCCCEECCEECCCCCEEEC8CCC00
:10950000EE08888888800000000888888800ECCCF5
:109510000080880888888888888888EEEEEEEEEEDD
:10952000EEEEEEEEEEEEEEEEEEEEEEEEEEEEEEE069
:10953000088888888888888888888888800CECCC07
:10954000CCECCCCCCCCCCCCCCCCCCCCCCCCCCCCC3B
:10955000EE08888888000000088888008800ECEE03
:109560000088888888888088888880EEEEEEEEEE15
:10957000EEEECEEEECCEEEEEEEEEEEEEEEEEEEC07B
:10958000000000000888888008888888880CECCC57
:10959000CCCCCCCCCCCCCCCCCCCCCCCCCCCCCCCC0B
:1095A000EE00888800000000000000000008EEEED9
:1095B00000888888888000888888808EEEEEEEECAF
:1095C000CCCCCCCCCCCCCEEEEEEEEEEEEEEEEEC0D5
:1095D000000000000000000888888888880CEEECF5
:1095E000CCCCCCCCCCCCCCCCCCCCCCCCCCCCCCCCBB
:1095F000EE0088800000000000000000000EEEEE8B
:00000001FF
